timestamp,stage,split,question_version,input_tokens,cost_usd,total_usd
2026-09-29T21:04:16+00:00,pilot_rerank,train,v1,963,0.00004045,0.00004045
2026-09-29T21:04:16+00:00,pilot_rerank,train,v1,615,0.00002583,0.00006628
2026-09-29T21:04:16+00:00,pilot_rerank,train,v1,956,0.00004015,0.00010643
2026-09-29T21:04:16+00:00,pilot_rerank,train,v1,1049,0.00004406,0.00015049
2026-09-29T21:04:16+00:00,pilot_rerank,train,v1,925,0.00003885,0.00018934
2026-09-29T21:04:16+00:00,verify,train,v1,865,0.00003633,0.00022567
2026-09-29T21:04:16+00:00,verify,train,v1,1653,0.00006943,0.00029509
2026-09-29T21:04:16+00:00,verify,train,v1,1625,0.00006825,0.00036334
2026-09-29T21:04:16+00:00,verify,train,v1,1603,0.00006733,0.00043067
2026-09-29T21:04:16+00:00,verify,train,v1,1859,0.00007808,0.00050875
2026-09-29T21:05:08+00:00,rerank,train,v1,763,0.00003205,0.00054081
2026-09-29T21:05:08+00:00,rerank,train,v1,553,0.00002323,0.00056403
2026-09-29T21:05:08+00:00,rerank,train,v1,850,0.00003570,0.00059973
2026-09-29T21:05:08+00:00,rerank,train,v1,706,0.00002965,0.00062938
2026-09-29T21:05:08+00:00,rerank,train,v1,583,0.00002449,0.00065387
2026-09-29T21:05:08+00:00,rerank,train,v1,562,0.00002360,0.00067747
2026-09-29T21:05:08+00:00,rerank,train,v1,899,0.00003776,0.00071523
2026-09-29T21:05:08+00:00,rerank,train,v1,619,0.00002600,0.00074123
2026-09-29T21:05:08+00:00,rerank,train,v1,681,0.00002860,0.00076983
2026-09-29T21:05:08+00:00,rerank,train,v1,590,0.00002478,0.00079461
2026-09-29T21:05:08+00:00,rerank,train,v1,771,0.00003238,0.00082699
2026-09-29T21:05:08+00:00,rerank,train,v1,644,0.00002705,0.00085404
2026-09-29T21:05:08+00:00,rerank,train,v1,882,0.00003704,0.00089109
2026-09-29T21:05:08+00:00,rerank,train,v1,800,0.00003360,0.00092469
2026-09-29T21:05:08+00:00,rerank,train,v1,712,0.00002990,0.00095459
2026-09-29T21:05:08+00:00,rerank,train,v1,849,0.00003566,0.00099025
2026-09-29T21:05:08+00:00,rerank,train,v1,806,0.00003385,0.00102410
2026-09-29T21:05:08+00:00,rerank,train,v1,592,0.00002486,0.00104896
2026-09-29T21:05:08+00:00,rerank,train,v1,830,0.00003486,0.00108382
2026-09-29T21:05:08+00:00,rerank,train,v1,779,0.00003272,0.00111654
2026-09-29T21:05:08+00:00,rerank,train,v1,693,0.00002911,0.00114565
2026-09-29T21:05:08+00:00,rerank,train,v1,851,0.00003574,0.00118139
2026-09-29T21:05:08+00:00,rerank,train,v1,935,0.00003927,0.00122066
2026-09-29T21:05:08+00:00,rerank,train,v1,830,0.00003486,0.00125552
2026-09-29T21:05:08+00:00,rerank,train,v1,628,0.00002638,0.00128190
2026-09-29T21:05:08+00:00,rerank,train,v1,909,0.00003818,0.00132007
2026-09-29T21:05:08+00:00,rerank,train,v1,951,0.00003994,0.00136002
2026-09-29T21:05:08+00:00,rerank,train,v1,695,0.00002919,0.00138921
2026-09-29T21:05:08+00:00,rerank,train,v1,638,0.00002680,0.00141600
2026-09-29T21:05:08+00:00,rerank,train,v1,647,0.00002717,0.00144318
2026-09-29T21:05:08+00:00,rerank,train,v1,654,0.00002747,0.00147064
2026-09-29T21:05:08+00:00,rerank,train,v1,733,0.00003079,0.00150143
2026-09-29T21:05:08+00:00,rerank,train,v1,715,0.00003003,0.00153146
2026-09-29T21:05:08+00:00,rerank,train,v1,688,0.00002890,0.00156036
2026-09-29T21:05:08+00:00,rerank,train,v1,672,0.00002822,0.00158858
2026-09-29T21:05:08+00:00,rerank,train,v1,704,0.00002957,0.00161815
2026-09-29T21:05:08+00:00,rerank,train,v1,895,0.00003759,0.00165574
2026-09-29T21:05:08+00:00,rerank,train,v1,794,0.00003335,0.00168909
2026-09-29T21:05:08+00:00,rerank,train,v1,790,0.00003318,0.00172227
2026-09-29T21:05:08+00:00,rerank,train,v1,807,0.00003389,0.00175616
2026-09-29T21:05:08+00:00,rerank,train,v1,788,0.00003310,0.00178926
2026-09-29T21:05:09+00:00,rerank,train,v1,790,0.00003318,0.00182244
2026-09-29T21:05:09+00:00,rerank,train,v1,855,0.00003591,0.00185835
2026-09-29T21:05:09+00:00,rerank,train,v1,829,0.00003482,0.00189316
2026-09-29T21:05:09+00:00,rerank,train,v1,571,0.00002398,0.00191715
2026-09-29T21:05:09+00:00,rerank,train,v1,714,0.00002999,0.00194713
2026-09-29T21:05:09+00:00,rerank,train,v1,710,0.00002982,0.00197695
2026-09-29T21:05:09+00:00,rerank,train,v1,673,0.00002827,0.00200522
2026-09-29T21:05:09+00:00,rerank,train,v1,625,0.00002625,0.00203147
2026-09-29T21:05:09+00:00,rerank,train,v1,707,0.00002969,0.00206116
2026-09-29T21:05:09+00:00,rerank,train,v1,718,0.00003016,0.00209132
2026-09-29T21:05:09+00:00,rerank,train,v1,669,0.00002810,0.00211942
2026-09-29T21:05:09+00:00,rerank,train,v1,852,0.00003578,0.00215520
2026-09-29T21:05:09+00:00,rerank,train,v1,835,0.00003507,0.00219027
2026-09-29T21:05:09+00:00,rerank,train,v1,765,0.00003213,0.00222240
2026-09-29T21:05:09+00:00,rerank,train,v1,823,0.00003457,0.00225697
2026-09-29T21:05:09+00:00,rerank,train,v1,918,0.00003856,0.00229552
2026-09-29T21:05:09+00:00,rerank,train,v1,833,0.00003499,0.00233051
2026-09-29T21:05:09+00:00,rerank,train,v1,741,0.00003112,0.00236163
2026-09-29T21:05:09+00:00,rerank,train,v1,956,0.00004015,0.00240178
2026-09-29T21:05:09+00:00,rerank,train,v1,744,0.00003125,0.00243303
2026-09-29T21:05:09+00:00,rerank,train,v1,763,0.00003205,0.00246508
2026-09-29T21:05:09+00:00,rerank,train,v1,1356,0.00005695,0.00252203
2026-09-29T21:05:09+00:00,rerank,train,v1,711,0.00002986,0.00255189
2026-09-29T21:05:09+00:00,rerank,train,v1,777,0.00003263,0.00258453
2026-09-29T21:05:09+00:00,rerank,train,v1,760,0.00003192,0.00261645
2026-09-29T21:05:09+00:00,rerank,train,v1,906,0.00003805,0.00265450
2026-09-29T21:05:09+00:00,rerank,train,v1,820,0.00003444,0.00268894
2026-09-29T21:05:09+00:00,rerank,train,v1,916,0.00003847,0.00272741
2026-09-29T21:05:09+00:00,rerank,train,v1,1075,0.00004515,0.00277256
2026-09-29T21:05:09+00:00,rerank,train,v1,594,0.00002495,0.00279751
2026-09-29T21:05:09+00:00,rerank,train,v1,1140,0.00004788,0.00284539
2026-09-29T21:05:09+00:00,rerank,train,v1,801,0.00003364,0.00287903
2026-09-29T21:05:09+00:00,rerank,train,v1,885,0.00003717,0.00291620
2026-09-29T21:05:09+00:00,rerank,train,v1,831,0.00003490,0.00295110
2026-09-29T21:05:09+00:00,rerank,train,v1,723,0.00003037,0.00298147
2026-09-29T21:05:09+00:00,rerank,train,v1,705,0.00002961,0.00301108
2026-09-29T21:05:09+00:00,rerank,train,v1,823,0.00003457,0.00304564
2026-09-29T21:05:09+00:00,rerank,train,v1,654,0.00002747,0.00307311
2026-09-29T21:05:09+00:00,rerank,train,v1,819,0.00003440,0.00310751
2026-09-29T21:05:09+00:00,rerank,train,v1,735,0.00003087,0.00313838
2026-09-29T21:05:09+00:00,rerank,train,v1,574,0.00002411,0.00316249
2026-09-29T21:05:09+00:00,rerank,train,v1,832,0.00003494,0.00319743
2026-09-29T21:05:09+00:00,rerank,train,v1,848,0.00003562,0.00323305
2026-09-29T21:05:09+00:00,rerank,train,v1,782,0.00003284,0.00326589
2026-09-29T21:05:09+00:00,rerank,train,v1,785,0.00003297,0.00329886
2026-09-29T21:05:09+00:00,rerank,train,v1,907,0.00003809,0.00333696
2026-09-29T21:05:09+00:00,rerank,train,v1,786,0.00003301,0.00336997
2026-09-29T21:05:10+00:00,rerank,train,v1,771,0.00003238,0.00340235
2026-09-29T21:05:10+00:00,rerank,train,v1,645,0.00002709,0.00342944
2026-09-29T21:05:10+00:00,rerank,train,v1,808,0.00003394,0.00346338
2026-09-29T21:05:10+00:00,rerank,train,v1,757,0.00003179,0.00349517
2026-09-29T21:05:10+00:00,rerank,train,v1,766,0.00003217,0.00352734
2026-09-29T21:05:10+00:00,rerank,train,v1,899,0.00003776,0.00356510
2026-09-29T21:05:10+00:00,rerank,train,v1,1140,0.00004788,0.00361298
2026-09-29T21:05:10+00:00,rerank,train,v1,681,0.00002860,0.00364158
2026-09-29T21:05:10+00:00,rerank,train,v1,734,0.00003083,0.00367241
2026-09-29T21:05:10+00:00,rerank,train,v1,729,0.00003062,0.00370303
2026-09-29T21:05:10+00:00,rerank,train,v1,693,0.00002911,0.00373213
2026-09-29T21:05:10+00:00,rerank,train,v1,683,0.00002869,0.00376082
2026-09-29T21:05:10+00:00,rerank,train,v1,692,0.00002906,0.00378988
2026-09-29T21:05:10+00:00,rerank,train,v1,623,0.00002617,0.00381605
2026-09-29T21:05:10+00:00,rerank,train,v1,662,0.00002780,0.00384385
2026-09-29T21:05:10+00:00,rerank,train,v1,676,0.00002839,0.00387225
2026-09-29T21:05:10+00:00,rerank,train,v1,610,0.00002562,0.00389787
2026-09-29T21:05:10+00:00,rerank,train,v1,979,0.00004112,0.00393898
2026-09-29T21:05:10+00:00,rerank,train,v1,876,0.00003679,0.00397578
2026-09-29T21:05:10+00:00,rerank,train,v1,714,0.00002999,0.00400576
2026-09-29T21:05:10+00:00,rerank,train,v1,924,0.00003881,0.00404457
2026-09-29T21:05:10+00:00,rerank,train,v1,692,0.00002906,0.00407364
2026-09-29T21:05:10+00:00,rerank,train,v1,842,0.00003536,0.00410900
2026-09-29T21:05:10+00:00,rerank,train,v1,963,0.00004045,0.00414945
2026-09-29T21:05:10+00:00,rerank,train,v1,893,0.00003751,0.00418695
2026-09-29T21:05:10+00:00,rerank,train,v1,861,0.00003616,0.00422311
2026-09-29T21:05:10+00:00,rerank,train,v1,788,0.00003310,0.00425621
2026-09-29T21:05:10+00:00,rerank,train,v1,1206,0.00005065,0.00430686
2026-09-29T21:05:10+00:00,rerank,train,v1,762,0.00003200,0.00433887
2026-09-29T21:05:10+00:00,rerank,train,v1,710,0.00002982,0.00436869
2026-09-29T21:05:10+00:00,rerank,train,v1,928,0.00003898,0.00440766
2026-09-29T21:05:10+00:00,rerank,train,v1,746,0.00003133,0.00443899
2026-09-29T21:05:10+00:00,rerank,train,v1,693,0.00002911,0.00446810
2026-09-29T21:05:10+00:00,rerank,train,v1,847,0.00003557,0.00450367
2026-09-29T21:05:10+00:00,rerank,train,v1,909,0.00003818,0.00454185
2026-09-29T21:05:10+00:00,rerank,train,v1,802,0.00003368,0.00457554
2026-09-29T21:05:10+00:00,rerank,train,v1,739,0.00003104,0.00460657
2026-09-29T21:05:10+00:00,rerank,train,v1,555,0.00002331,0.00462988
2026-09-29T21:05:10+00:00,rerank,train,v1,1005,0.00004221,0.00467209
2026-09-29T21:05:10+00:00,rerank,train,v1,826,0.00003469,0.00470679
2026-09-29T21:05:10+00:00,rerank,train,v1,770,0.00003234,0.00473913
2026-09-29T21:05:10+00:00,rerank,train,v1,765,0.00003213,0.00477126
2026-09-29T21:05:10+00:00,rerank,train,v1,712,0.00002990,0.00480116
2026-09-29T21:05:10+00:00,rerank,train,v1,794,0.00003335,0.00483451
2026-09-29T21:05:10+00:00,rerank,train,v1,960,0.00004032,0.00487483
2026-09-29T21:05:10+00:00,rerank,train,v1,706,0.00002965,0.00490448
2026-09-29T21:05:10+00:00,rerank,train,v1,995,0.00004179,0.00494627
2026-09-29T21:05:10+00:00,rerank,train,v1,967,0.00004061,0.00498688
2026-09-29T21:05:11+00:00,rerank,train,v1,865,0.00003633,0.00502321
2026-09-29T21:05:11+00:00,rerank,train,v1,1213,0.00005095,0.00507416
2026-09-29T21:05:11+00:00,rerank,train,v1,1059,0.00004448,0.00511864
2026-09-29T21:05:11+00:00,rerank,train,v1,938,0.00003940,0.00515803
2026-09-29T21:05:11+00:00,rerank,train,v1,933,0.00003919,0.00519722
2026-09-29T21:05:11+00:00,rerank,train,v1,1160,0.00004872,0.00524594
2026-09-29T21:05:11+00:00,rerank,train,v1,798,0.00003352,0.00527946
2026-09-29T21:05:11+00:00,rerank,train,v1,706,0.00002965,0.00530911
2026-09-29T21:05:11+00:00,rerank,train,v1,657,0.00002759,0.00533670
2026-09-29T21:05:11+00:00,rerank,train,v1,952,0.00003998,0.00537669
2026-09-29T21:05:11+00:00,rerank,train,v1,782,0.00003284,0.00540953
2026-09-29T21:05:11+00:00,rerank,train,v1,720,0.00003024,0.00543977
2026-09-29T21:05:11+00:00,rerank,train,v1,704,0.00002957,0.00546934
2026-09-29T21:05:11+00:00,rerank,train,v1,697,0.00002927,0.00549861
2026-09-29T21:05:11+00:00,rerank,train,v1,721,0.00003028,0.00552889
2026-09-29T21:05:11+00:00,rerank,train,v1,721,0.00003028,0.00555918
2026-09-29T21:05:11+00:00,rerank,train,v1,599,0.00002516,0.00558433
2026-09-29T21:05:11+00:00,rerank,train,v1,619,0.00002600,0.00561033
2026-09-29T21:05:11+00:00,rerank,train,v1,657,0.00002759,0.00563793
2026-09-29T21:05:11+00:00,rerank,train,v1,793,0.00003331,0.00567123
2026-09-29T21:05:11+00:00,rerank,train,v1,850,0.00003570,0.00570693
2026-09-29T21:05:11+00:00,rerank,train,v1,654,0.00002747,0.00573440
2026-09-29T21:05:11+00:00,rerank,train,v1,605,0.00002541,0.00575981
2026-09-29T21:05:11+00:00,rerank,train,v1,960,0.00004032,0.00580013
2026-09-29T21:05:11+00:00,rerank,train,v1,701,0.00002944,0.00582957
2026-09-29T21:05:11+00:00,rerank,train,v1,750,0.00003150,0.00586107
2026-09-29T21:05:11+00:00,rerank,train,v1,910,0.00003822,0.00589929
2026-09-29T21:05:11+00:00,rerank,train,v1,857,0.00003599,0.00593529
2026-09-29T21:05:11+00:00,rerank,train,v1,770,0.00003234,0.00596763
2026-09-29T21:05:11+00:00,rerank,train,v1,715,0.00003003,0.00599766
2026-09-29T21:05:11+00:00,rerank,train,v1,664,0.00002789,0.00602554
2026-09-29T21:05:11+00:00,rerank,train,v1,821,0.00003448,0.00606003
2026-09-29T21:05:11+00:00,rerank,train,v1,680,0.00002856,0.00608859
2026-09-29T21:05:11+00:00,rerank,train,v1,654,0.00002747,0.00611605
2026-09-29T21:05:11+00:00,rerank,train,v1,529,0.00002222,0.00613827
2026-09-29T21:05:11+00:00,rerank,train,v1,964,0.00004049,0.00617876
2026-09-29T21:05:11+00:00,rerank,train,v1,731,0.00003070,0.00620946
2026-09-29T21:05:11+00:00,rerank,train,v1,678,0.00002848,0.00623794
2026-09-29T21:05:11+00:00,rerank,train,v1,707,0.00002969,0.00626763
2026-09-29T21:05:11+00:00,rerank,train,v1,621,0.00002608,0.00629371
2026-09-29T21:05:12+00:00,rerank,train,v1,759,0.00003188,0.00632559
2026-09-29T21:05:12+00:00,rerank,train,v1,1045,0.00004389,0.00636948
2026-09-29T21:05:12+00:00,rerank,train,v1,926,0.00003889,0.00640837
2026-09-29T21:05:12+00:00,rerank,train,v1,996,0.00004183,0.00645021
2026-09-29T21:05:12+00:00,rerank,train,v1,1180,0.00004956,0.00649977
2026-09-29T21:05:12+00:00,rerank,train,v1,805,0.00003381,0.00653358
2026-09-29T21:05:12+00:00,rerank,train,v1,950,0.00003990,0.00657348
2026-09-29T21:05:12+00:00,rerank,train,v1,1194,0.00005015,0.00662362
2026-09-29T21:05:12+00:00,rerank,train,v1,1040,0.00004368,0.00666730
2026-09-29T21:05:12+00:00,rerank,train,v1,850,0.00003570,0.00670300
2026-09-29T21:05:12+00:00,rerank,train,v1,655,0.00002751,0.00673051
2026-09-29T21:05:12+00:00,rerank,train,v1,870,0.00003654,0.00676705
2026-09-29T21:05:12+00:00,rerank,train,v1,820,0.00003444,0.00680149
2026-09-29T21:05:12+00:00,rerank,train,v1,662,0.00002780,0.00682930
2026-09-29T21:05:12+00:00,rerank,train,v1,1022,0.00004292,0.00687222
2026-09-29T21:05:12+00:00,rerank,train,v1,1379,0.00005792,0.00693014
2026-09-29T21:05:12+00:00,rerank,train,v1,920,0.00003864,0.00696878
2026-09-29T21:05:12+00:00,rerank,train,v1,875,0.00003675,0.00700553
2026-09-29T21:05:12+00:00,rerank,train,v1,1092,0.00004586,0.00705139
2026-09-29T21:05:12+00:00,rerank,train,v1,762,0.00003200,0.00708340
2026-09-29T21:05:12+00:00,rerank,train,v1,695,0.00002919,0.00711259
2026-09-29T21:05:12+00:00,rerank,train,v1,885,0.00003717,0.00714976
2026-09-29T21:05:12+00:00,rerank,train,v1,781,0.00003280,0.00718256
2026-09-29T21:05:12+00:00,rerank,train,v1,758,0.00003184,0.00721440
2026-09-29T21:05:12+00:00,rerank,train,v1,891,0.00003742,0.00725182
2026-09-29T21:05:12+00:00,rerank,train,v1,756,0.00003175,0.00728357
2026-09-29T21:05:12+00:00,rerank,train,v1,910,0.00003822,0.00732179
2026-09-29T21:05:12+00:00,rerank,train,v1,935,0.00003927,0.00736106
2026-09-29T21:05:12+00:00,rerank,train,v1,1261,0.00005296,0.00741402
2026-09-29T21:05:12+00:00,rerank,train,v1,846,0.00003553,0.00744955
2026-09-29T21:05:12+00:00,rerank,train,v1,784,0.00003293,0.00748248
2026-09-29T21:05:12+00:00,rerank,train,v1,625,0.00002625,0.00750873
2026-09-29T21:05:12+00:00,rerank,train,v1,1053,0.00004423,0.00755296
2026-09-29T21:05:12+00:00,rerank,train,v1,944,0.00003965,0.00759261
2026-09-29T21:05:12+00:00,rerank,train,v1,721,0.00003028,0.00762289
2026-09-29T21:05:13+00:00,rerank,train,v1,761,0.00003196,0.00765485
2026-09-29T21:05:13+00:00,rerank,train,v1,721,0.00003028,0.00768513
2026-09-29T21:05:13+00:00,rerank,train,v1,672,0.00002822,0.00771336
2026-09-29T21:05:13+00:00,rerank,train,v1,724,0.00003041,0.00774376
2026-09-29T21:05:13+00:00,rerank,train,v1,646,0.00002713,0.00777090
2026-09-29T21:05:13+00:00,rerank,train,v1,675,0.00002835,0.00779925
2026-09-29T21:05:13+00:00,rerank,train,v1,837,0.00003515,0.00783440
2026-09-29T21:05:13+00:00,rerank,train,v1,761,0.00003196,0.00786636
2026-09-29T21:05:13+00:00,rerank,train,v1,650,0.00002730,0.00789366
2026-09-29T21:05:13+00:00,rerank,train,v1,869,0.00003650,0.00793016
2026-09-29T21:05:13+00:00,rerank,train,v1,735,0.00003087,0.00796103
2026-09-29T21:05:13+00:00,rerank,train,v1,658,0.00002764,0.00798867
2026-09-29T21:05:13+00:00,rerank,train,v1,684,0.00002873,0.00801739
2026-09-29T21:05:13+00:00,rerank,train,v1,823,0.00003457,0.00805196
2026-09-29T21:05:13+00:00,rerank,train,v1,898,0.00003772,0.00808968
2026-09-29T21:05:13+00:00,rerank,train,v1,729,0.00003062,0.00812029
2026-09-29T21:05:13+00:00,rerank,train,v1,746,0.00003133,0.00815163
2026-09-29T21:05:13+00:00,rerank,train,v1,720,0.00003024,0.00818187
2026-09-29T21:05:13+00:00,rerank,train,v1,506,0.00002125,0.00820312
2026-09-29T21:05:13+00:00,rerank,train,v1,707,0.00002969,0.00823281
2026-09-29T21:05:13+00:00,rerank,train,v1,694,0.00002915,0.00826196
2026-09-29T21:05:13+00:00,rerank,train,v1,652,0.00002738,0.00828934
2026-09-29T21:05:13+00:00,rerank,train,v1,520,0.00002184,0.00831118
2026-09-29T21:05:13+00:00,rerank,train,v1,837,0.00003515,0.00834634
2026-09-29T21:05:13+00:00,rerank,train,v1,867,0.00003641,0.00838275
2026-09-29T21:05:13+00:00,rerank,train,v1,573,0.00002407,0.00840682
2026-09-29T21:05:13+00:00,rerank,train,v1,713,0.00002995,0.00843676
2026-09-29T21:05:13+00:00,rerank,train,v1,737,0.00003095,0.00846772
2026-09-29T21:05:13+00:00,rerank,train,v1,695,0.00002919,0.00849691
2026-09-29T21:05:13+00:00,rerank,train,v1,813,0.00003415,0.00853105
2026-09-29T21:05:13+00:00,rerank,train,v1,869,0.00003650,0.00856755
2026-09-29T21:05:13+00:00,rerank,train,v1,821,0.00003448,0.00860203
2026-09-29T21:05:13+00:00,rerank,train,v1,796,0.00003343,0.00863547
2026-09-29T21:05:13+00:00,rerank,train,v1,638,0.00002680,0.00866226
2026-09-29T21:05:13+00:00,rerank,train,v1,613,0.00002575,0.00868801
2026-09-29T21:05:13+00:00,rerank,train,v1,562,0.00002360,0.00871161
2026-09-29T21:05:13+00:00,rerank,train,v1,604,0.00002537,0.00873698
2026-09-29T21:05:13+00:00,rerank,train,v1,574,0.00002411,0.00876109
2026-09-29T21:05:13+00:00,rerank,train,v1,577,0.00002423,0.00878532
2026-09-29T21:05:13+00:00,rerank,train,v1,729,0.00003062,0.00881594
2026-09-29T21:05:13+00:00,rerank,train,v1,600,0.00002520,0.00884114
2026-09-29T21:05:13+00:00,rerank,train,v1,574,0.00002411,0.00886525
2026-09-29T21:05:13+00:00,rerank,train,v1,649,0.00002726,0.00889251
2026-09-29T21:05:13+00:00,rerank,train,v1,687,0.00002885,0.00892136
2026-09-29T21:05:13+00:00,rerank,train,v1,649,0.00002726,0.00894862
2026-09-29T21:05:13+00:00,rerank,train,v1,953,0.00004003,0.00898864
2026-09-29T21:05:13+00:00,rerank,train,v1,698,0.00002932,0.00901796
2026-09-29T21:05:13+00:00,rerank,train,v1,990,0.00004158,0.00905954
2026-09-29T21:05:13+00:00,rerank,train,v1,959,0.00004028,0.00909982
2026-09-29T21:05:13+00:00,rerank,train,v1,620,0.00002604,0.00912586
2026-09-29T21:05:13+00:00,rerank,train,v1,612,0.00002570,0.00915156
2026-09-29T21:05:14+00:00,rerank,train,v1,788,0.00003310,0.00918466
2026-09-29T21:05:14+00:00,rerank,train,v1,494,0.00002075,0.00920541
2026-09-29T21:05:14+00:00,rerank,train,v1,892,0.00003746,0.00924287
2026-09-29T21:05:14+00:00,rerank,train,v1,615,0.00002583,0.00926870
2026-09-29T21:05:14+00:00,rerank,train,v1,859,0.00003608,0.00930478
2026-09-29T21:05:14+00:00,rerank,train,v1,989,0.00004154,0.00934632
2026-09-29T21:05:14+00:00,rerank,train,v1,670,0.00002814,0.00937446
2026-09-29T21:05:14+00:00,rerank,train,v1,782,0.00003284,0.00940730
2026-09-29T21:05:14+00:00,rerank,train,v1,792,0.00003326,0.00944056
2026-09-29T21:05:14+00:00,rerank,train,v1,1165,0.00004893,0.00948949
2026-09-29T21:05:14+00:00,rerank,train,v1,790,0.00003318,0.00952267
2026-09-29T21:05:14+00:00,rerank,train,v1,813,0.00003415,0.00955682
2026-09-29T21:05:14+00:00,rerank,train,v1,863,0.00003625,0.00959307
2026-09-29T21:05:14+00:00,rerank,train,v1,832,0.00003494,0.00962801
2026-09-29T21:05:14+00:00,rerank,train,v1,805,0.00003381,0.00966182
2026-09-29T21:05:14+00:00,rerank,train,v1,900,0.00003780,0.00969962
2026-09-29T21:05:14+00:00,rerank,train,v1,879,0.00003692,0.00973654
2026-09-29T21:05:14+00:00,rerank,train,v1,812,0.00003410,0.00977064
2026-09-29T21:05:14+00:00,rerank,train,v1,1114,0.00004679,0.00981743
2026-09-29T21:05:14+00:00,rerank,train,v1,694,0.00002915,0.00984658
2026-09-29T21:05:14+00:00,rerank,train,v1,927,0.00003893,0.00988551
2026-09-29T21:05:14+00:00,rerank,train,v1,776,0.00003259,0.00991810
2026-09-29T21:05:14+00:00,rerank,train,v1,712,0.00002990,0.00994801
2026-09-29T21:05:14+00:00,rerank,train,v1,1007,0.00004229,0.00999030
2026-09-29T21:05:14+00:00,rerank,train,v1,711,0.00002986,0.01002016
2026-09-29T21:05:14+00:00,rerank,train,v1,676,0.00002839,0.01004856
2026-09-29T21:05:14+00:00,rerank,train,v1,531,0.00002230,0.01007086
2026-09-29T21:05:14+00:00,rerank,train,v1,657,0.00002759,0.01009845
2026-09-29T21:05:14+00:00,rerank,train,v1,689,0.00002894,0.01012739
2026-09-29T21:05:14+00:00,rerank,train,v1,1259,0.00005288,0.01018027
2026-09-29T21:05:14+00:00,rerank,train,v1,873,0.00003667,0.01021693
2026-09-29T21:05:14+00:00,rerank,train,v1,747,0.00003137,0.01024831
2026-09-29T21:05:14+00:00,rerank,train,v1,1035,0.00004347,0.01029178
2026-09-29T21:05:14+00:00,rerank,train,v1,881,0.00003700,0.01032878
2026-09-29T21:05:14+00:00,rerank,train,v1,879,0.00003692,0.01036570
2026-09-29T21:05:15+00:00,rerank,train,v1,1038,0.00004360,0.01040929
2026-09-29T21:05:15+00:00,rerank,train,v1,704,0.00002957,0.01043886
2026-09-29T21:05:15+00:00,rerank,train,v1,1022,0.00004292,0.01048179
2026-09-29T21:05:15+00:00,rerank,train,v1,717,0.00003011,0.01051190
2026-09-29T21:05:15+00:00,rerank,train,v1,1201,0.00005044,0.01056234
2026-09-29T21:05:15+00:00,rerank,train,v1,963,0.00004045,0.01060279
2026-09-29T21:05:15+00:00,rerank,train,v1,848,0.00003562,0.01063840
2026-09-29T21:05:15+00:00,rerank,train,v1,760,0.00003192,0.01067032
2026-09-29T21:05:15+00:00,rerank,train,v1,829,0.00003482,0.01070514
2026-09-29T21:05:15+00:00,rerank,train,v1,751,0.00003154,0.01073668
2026-09-29T21:05:15+00:00,rerank,train,v1,937,0.00003935,0.01077604
2026-09-29T21:05:15+00:00,rerank,train,v1,702,0.00002948,0.01080552
2026-09-29T21:05:15+00:00,rerank,train,v1,1207,0.00005069,0.01085622
2026-09-29T21:05:15+00:00,rerank,train,v1,857,0.00003599,0.01089221
2026-09-29T21:05:15+00:00,rerank,train,v1,883,0.00003709,0.01092930
2026-09-29T21:05:15+00:00,rerank,train,v1,707,0.00002969,0.01095899
2026-09-29T21:05:15+00:00,rerank,train,v1,711,0.00002986,0.01098885
2026-09-29T21:05:15+00:00,rerank,train,v1,586,0.00002461,0.01101346
2026-09-29T21:05:15+00:00,rerank,train,v1,1032,0.00004334,0.01105681
2026-09-29T21:05:15+00:00,rerank,train,v1,792,0.00003326,0.01109007
2026-09-29T21:05:15+00:00,rerank,train,v1,898,0.00003772,0.01112779
2026-09-29T21:05:15+00:00,rerank,train,v1,743,0.00003121,0.01115899
2026-09-29T21:05:15+00:00,rerank,train,v1,811,0.00003406,0.01119306
2026-09-29T21:05:15+00:00,rerank,train,v1,539,0.00002264,0.01121569
2026-09-29T21:05:15+00:00,rerank,train,v1,801,0.00003364,0.01124934
2026-09-29T21:05:15+00:00,rerank,train,v1,1034,0.00004343,0.01129276
2026-09-29T21:05:15+00:00,rerank,train,v1,741,0.00003112,0.01132389
2026-09-29T21:05:15+00:00,rerank,train,v1,766,0.00003217,0.01135606
2026-09-29T21:05:15+00:00,rerank,train,v1,687,0.00002885,0.01138491
2026-09-29T21:05:15+00:00,rerank,train,v1,814,0.00003419,0.01141910
2026-09-29T21:05:15+00:00,rerank,train,v1,833,0.00003499,0.01145409
2026-09-29T21:05:15+00:00,rerank,train,v1,793,0.00003331,0.01148739
2026-09-29T21:05:15+00:00,rerank,train,v1,865,0.00003633,0.01152372
2026-09-29T21:05:15+00:00,rerank,train,v1,671,0.00002818,0.01155190
2026-09-29T21:05:15+00:00,rerank,train,v1,656,0.00002755,0.01157946
2026-09-29T21:05:15+00:00,rerank,train,v1,672,0.00002822,0.01160768
2026-09-29T21:05:15+00:00,rerank,train,v1,680,0.00002856,0.01163624
2026-09-29T21:05:15+00:00,rerank,train,v1,641,0.00002692,0.01166316
2026-09-29T21:05:15+00:00,rerank,train,v1,675,0.00002835,0.01169151
2026-09-29T21:05:15+00:00,rerank,train,v1,759,0.00003188,0.01172339
2026-09-29T21:05:15+00:00,rerank,train,v1,834,0.00003503,0.01175842
2026-09-29T21:05:15+00:00,rerank,train,v1,620,0.00002604,0.01178446
2026-09-29T21:05:16+00:00,rerank,train,v1,558,0.00002344,0.01180789
2026-09-29T21:05:16+00:00,rerank,train,v1,770,0.00003234,0.01184023
2026-09-29T21:05:16+00:00,rerank,train,v1,1003,0.00004213,0.01188236
2026-09-29T21:05:16+00:00,rerank,train,v1,593,0.00002491,0.01190727
2026-09-29T21:05:16+00:00,rerank,train,v1,553,0.00002323,0.01193049
2026-09-29T21:05:16+00:00,rerank,train,v1,683,0.00002869,0.01195918
2026-09-29T21:05:16+00:00,rerank,train,v1,592,0.00002486,0.01198404
2026-09-29T21:05:16+00:00,rerank,train,v1,553,0.00002323,0.01200727
2026-09-29T21:05:16+00:00,rerank,train,v1,612,0.00002570,0.01203297
2026-09-29T21:05:16+00:00,rerank,train,v1,587,0.00002465,0.01205763
2026-09-29T21:05:16+00:00,rerank,train,v1,598,0.00002512,0.01208274
2026-09-29T21:05:16+00:00,rerank,train,v1,625,0.00002625,0.01210899
2026-09-29T21:05:16+00:00,rerank,train,v1,633,0.00002659,0.01213558
2026-09-29T21:05:16+00:00,rerank,train,v1,638,0.00002680,0.01216237
2026-09-29T21:05:16+00:00,rerank,train,v1,680,0.00002856,0.01219093
2026-09-29T21:05:16+00:00,rerank,train,v1,1412,0.00005930,0.01225024
2026-09-29T21:05:16+00:00,rerank,train,v1,933,0.00003919,0.01228942
2026-09-29T21:05:16+00:00,rerank,train,v1,858,0.00003604,0.01232546
2026-09-29T21:05:16+00:00,rerank,train,v1,943,0.00003961,0.01236507
2026-09-29T21:05:16+00:00,rerank,train,v1,720,0.00003024,0.01239531
2026-09-29T21:05:16+00:00,rerank,train,v1,1052,0.00004418,0.01243949
2026-09-29T21:05:16+00:00,rerank,train,v1,658,0.00002764,0.01246713
2026-09-29T21:05:16+00:00,rerank,train,v1,620,0.00002604,0.01249317
2026-09-29T21:05:16+00:00,rerank,train,v1,780,0.00003276,0.01252593
2026-09-29T21:05:16+00:00,rerank,train,v1,714,0.00002999,0.01255591
2026-09-29T21:05:16+00:00,rerank,train,v1,954,0.00004007,0.01259598
2026-09-29T21:05:16+00:00,rerank,train,v1,771,0.00003238,0.01262836
2026-09-29T21:05:16+00:00,rerank,train,v1,623,0.00002617,0.01265453
2026-09-29T21:05:16+00:00,rerank,train,v1,827,0.00003473,0.01268926
2026-09-29T21:05:16+00:00,rerank,train,v1,914,0.00003839,0.01272765
2026-09-29T21:05:16+00:00,rerank,train,v1,1028,0.00004318,0.01277083
2026-09-29T21:05:16+00:00,rerank,train,v1,794,0.00003335,0.01280418
2026-09-29T21:05:16+00:00,rerank,train,v1,836,0.00003511,0.01283929
2026-09-29T21:05:16+00:00,rerank,train,v1,809,0.00003398,0.01287327
2026-09-29T21:05:16+00:00,rerank,train,v1,749,0.00003146,0.01290472
2026-09-29T21:05:16+00:00,rerank,train,v1,901,0.00003784,0.01294257
2026-09-29T21:05:16+00:00,rerank,train,v1,742,0.00003116,0.01297373
2026-09-29T21:05:16+00:00,rerank,train,v1,947,0.00003977,0.01301350
2026-09-29T21:05:16+00:00,rerank,train,v1,971,0.00004078,0.01305429
2026-09-29T21:05:16+00:00,rerank,train,v1,720,0.00003024,0.01308453
2026-09-29T21:05:16+00:00,rerank,train,v1,787,0.00003305,0.01311758
2026-09-29T21:05:16+00:00,rerank,train,v1,894,0.00003755,0.01315513
2026-09-29T21:05:16+00:00,rerank,train,v1,738,0.00003100,0.01318612
2026-09-29T21:05:16+00:00,rerank,train,v1,785,0.00003297,0.01321909
2026-09-29T21:05:16+00:00,rerank,train,v1,778,0.00003268,0.01325177
2026-09-29T21:05:16+00:00,rerank,train,v1,705,0.00002961,0.01328138
2026-09-29T21:05:16+00:00,rerank,train,v1,833,0.00003499,0.01331637
2026-09-29T21:05:16+00:00,rerank,train,v1,580,0.00002436,0.01334073
2026-09-29T21:05:16+00:00,rerank,train,v1,650,0.00002730,0.01336803
2026-09-29T21:05:16+00:00,rerank,train,v1,967,0.00004061,0.01340864
2026-09-29T21:05:16+00:00,rerank,train,v1,1198,0.00005032,0.01345896
2026-09-29T21:05:16+00:00,rerank,train,v1,605,0.00002541,0.01348437
2026-09-29T21:05:16+00:00,rerank,train,v1,764,0.00003209,0.01351645
2026-09-29T21:05:16+00:00,rerank,train,v1,701,0.00002944,0.01354590
2026-09-29T21:05:16+00:00,rerank,train,v1,900,0.00003780,0.01358370
2026-09-29T21:05:16+00:00,rerank,train,v1,875,0.00003675,0.01362045
2026-09-29T21:05:16+00:00,rerank,train,v1,625,0.00002625,0.01364670
2026-09-29T21:05:16+00:00,rerank,train,v1,780,0.00003276,0.01367946
2026-09-29T21:05:16+00:00,rerank,train,v1,597,0.00002507,0.01370453
2026-09-29T21:05:16+00:00,rerank,train,v1,746,0.00003133,0.01373586
2026-09-29T21:05:16+00:00,rerank,train,v1,692,0.00002906,0.01376493
2026-09-29T21:05:16+00:00,rerank,train,v1,671,0.00002818,0.01379311
2026-09-29T21:05:16+00:00,rerank,train,v1,1027,0.00004313,0.01383624
2026-09-29T21:05:16+00:00,rerank,train,v1,612,0.00002570,0.01386195
2026-09-29T21:05:16+00:00,rerank,train,v1,867,0.00003641,0.01389836
2026-09-29T21:05:16+00:00,rerank,train,v1,648,0.00002722,0.01392558
2026-09-29T21:05:16+00:00,rerank,train,v1,687,0.00002885,0.01395443
2026-09-29T21:05:16+00:00,rerank,train,v1,733,0.00003079,0.01398522
2026-09-29T21:05:16+00:00,rerank,train,v1,699,0.00002936,0.01401457
2026-09-29T21:05:17+00:00,rerank,train,v1,678,0.00002848,0.01404305
2026-09-29T21:05:17+00:00,rerank,train,v1,778,0.00003268,0.01407573
2026-09-29T21:05:17+00:00,rerank,train,v1,709,0.00002978,0.01410550
2026-09-29T21:05:17+00:00,rerank,train,v1,539,0.00002264,0.01412814
2026-09-29T21:05:17+00:00,rerank,train,v1,896,0.00003763,0.01416577
2026-09-29T21:05:17+00:00,rerank,train,v1,816,0.00003427,0.01420005
2026-09-29T21:05:17+00:00,rerank,train,v1,652,0.00002738,0.01422743
2026-09-29T21:05:17+00:00,rerank,train,v1,981,0.00004120,0.01426863
2026-09-29T21:05:17+00:00,rerank,train,v1,802,0.00003368,0.01430232
2026-09-29T21:05:17+00:00,rerank,train,v1,755,0.00003171,0.01433403
2026-09-29T21:05:17+00:00,rerank,train,v1,1134,0.00004763,0.01438165
2026-09-29T21:05:17+00:00,rerank,train,v1,890,0.00003738,0.01441903
2026-09-29T21:05:17+00:00,rerank,train,v1,533,0.00002239,0.01444142
2026-09-29T21:05:17+00:00,rerank,train,v1,830,0.00003486,0.01447628
2026-09-29T21:05:17+00:00,rerank,train,v1,851,0.00003574,0.01451202
2026-09-29T21:05:17+00:00,rerank,train,v1,692,0.00002906,0.01454109
2026-09-29T21:05:17+00:00,rerank,train,v1,857,0.00003599,0.01457708
2026-09-29T21:05:17+00:00,rerank,train,v1,647,0.00002717,0.01460425
2026-09-29T21:05:17+00:00,rerank,train,v1,636,0.00002671,0.01463097
2026-09-29T21:05:17+00:00,rerank,train,v1,625,0.00002625,0.01465722
2026-09-29T21:05:17+00:00,rerank,train,v1,793,0.00003331,0.01469052
2026-09-29T21:05:17+00:00,rerank,train,v1,746,0.00003133,0.01472185
2026-09-29T21:05:17+00:00,rerank,train,v1,872,0.00003662,0.01475848
2026-09-29T21:05:17+00:00,rerank,train,v1,727,0.00003053,0.01478901
2026-09-29T21:05:17+00:00,rerank,train,v1,590,0.00002478,0.01481379
2026-09-29T21:05:17+00:00,rerank,train,v1,728,0.00003058,0.01484437
2026-09-29T21:05:17+00:00,rerank,train,v1,634,0.00002663,0.01487100
2026-09-29T21:05:17+00:00,rerank,train,v1,1031,0.00004330,0.01491430
2026-09-29T21:05:17+00:00,rerank,train,v1,1038,0.00004360,0.01495789
2026-09-29T21:05:17+00:00,rerank,train,v1,894,0.00003755,0.01499544
2026-09-29T21:05:17+00:00,rerank,train,v1,672,0.00002822,0.01502367
2026-09-29T21:05:17+00:00,rerank,train,v1,609,0.00002558,0.01504924
2026-09-29T21:05:17+00:00,rerank,train,v1,521,0.00002188,0.01507113
2026-09-29T21:05:17+00:00,rerank,train,v1,789,0.00003314,0.01510426
2026-09-29T21:05:17+00:00,rerank,train,v1,1056,0.00004435,0.01514862
2026-09-29T21:05:17+00:00,rerank,train,v1,866,0.00003637,0.01518499
2026-09-29T21:05:17+00:00,rerank,train,v1,723,0.00003037,0.01521535
2026-09-29T21:05:17+00:00,rerank,train,v1,773,0.00003247,0.01524782
2026-09-29T21:05:17+00:00,rerank,train,v1,735,0.00003087,0.01527869
2026-09-29T21:05:17+00:00,rerank,train,v1,699,0.00002936,0.01530805
2026-09-29T21:05:17+00:00,rerank,train,v1,653,0.00002743,0.01533547
2026-09-29T21:05:17+00:00,rerank,train,v1,804,0.00003377,0.01536924
2026-09-29T21:05:17+00:00,rerank,train,v1,603,0.00002533,0.01539457
2026-09-29T21:05:17+00:00,rerank,train,v1,583,0.00002449,0.01541905
2026-09-29T21:05:17+00:00,rerank,train,v1,716,0.00003007,0.01544913
2026-09-29T21:05:17+00:00,rerank,train,v1,731,0.00003070,0.01547983
2026-09-29T21:05:17+00:00,rerank,train,v1,698,0.00002932,0.01550914
2026-09-29T21:05:17+00:00,rerank,train,v1,764,0.00003209,0.01554123
2026-09-29T21:05:17+00:00,rerank,train,v1,674,0.00002831,0.01556954
2026-09-29T21:05:17+00:00,rerank,train,v1,550,0.00002310,0.01559264
2026-09-29T21:05:17+00:00,rerank,train,v1,695,0.00002919,0.01562183
2026-09-29T21:05:17+00:00,rerank,train,v1,725,0.00003045,0.01565228
2026-09-29T21:05:17+00:00,rerank,train,v1,792,0.00003326,0.01568554
2026-09-29T21:05:17+00:00,rerank,train,v1,591,0.00002482,0.01571037
2026-09-29T21:05:17+00:00,rerank,train,v1,909,0.00003818,0.01574854
2026-09-29T21:05:17+00:00,rerank,train,v1,651,0.00002734,0.01577589
2026-09-29T21:05:17+00:00,rerank,train,v1,559,0.00002348,0.01579936
2026-09-29T21:05:17+00:00,rerank,train,v1,564,0.00002369,0.01582305
2026-09-29T21:05:17+00:00,rerank,train,v1,603,0.00002533,0.01584838
2026-09-29T21:05:17+00:00,rerank,train,v1,658,0.00002764,0.01587601
2026-09-29T21:05:17+00:00,rerank,train,v1,635,0.00002667,0.01590268
2026-09-29T21:05:17+00:00,rerank,train,v1,656,0.00002755,0.01593024
2026-09-29T21:05:17+00:00,rerank,train,v1,702,0.00002948,0.01595972
2026-09-29T21:05:17+00:00,rerank,train,v1,749,0.00003146,0.01599118
2026-09-29T21:05:17+00:00,rerank,train,v1,859,0.00003608,0.01602726
2026-09-29T21:05:17+00:00,rerank,train,v1,726,0.00003049,0.01605775
2026-09-29T21:05:17+00:00,rerank,train,v1,645,0.00002709,0.01608484
2026-09-29T21:05:17+00:00,rerank,train,v1,860,0.00003612,0.01612096
2026-09-29T21:05:17+00:00,rerank,train,v1,828,0.00003478,0.01615573
2026-09-29T21:05:17+00:00,rerank,train,v1,699,0.00002936,0.01618509
2026-09-29T21:05:18+00:00,rerank,train,v1,826,0.00003469,0.01621978
2026-09-29T21:05:18+00:00,rerank,train,v1,836,0.00003511,0.01625490
2026-09-29T21:05:18+00:00,rerank,train,v1,766,0.00003217,0.01628707
2026-09-29T21:05:18+00:00,rerank,train,v1,856,0.00003595,0.01632302
2026-09-29T21:05:18+00:00,rerank,train,v1,670,0.00002814,0.01635116
2026-09-29T21:05:18+00:00,rerank,train,v1,1214,0.00005099,0.01640215
2026-09-29T21:05:18+00:00,rerank,train,v1,797,0.00003347,0.01643562
2026-09-29T21:05:18+00:00,rerank,train,v1,859,0.00003608,0.01647170
2026-09-29T21:05:18+00:00,rerank,train,v1,566,0.00002377,0.01649547
2026-09-29T21:05:18+00:00,rerank,train,v1,990,0.00004158,0.01653705
2026-09-29T21:05:18+00:00,rerank,train,v1,582,0.00002444,0.01656150
2026-09-29T21:05:18+00:00,rerank,train,v1,886,0.00003721,0.01659871
2026-09-29T21:05:18+00:00,rerank,train,v1,735,0.00003087,0.01662958
2026-09-29T21:05:18+00:00,rerank,train,v1,1013,0.00004255,0.01667212
2026-09-29T21:05:18+00:00,rerank,train,v1,1022,0.00004292,0.01671505
2026-09-29T21:05:18+00:00,rerank,train,v1,1007,0.00004229,0.01675734
2026-09-29T21:05:18+00:00,rerank,train,v1,948,0.00003982,0.01679716
2026-09-29T21:05:18+00:00,rerank,train,v1,720,0.00003024,0.01682740
2026-09-29T21:05:18+00:00,rerank,train,v1,881,0.00003700,0.01686440
2026-09-29T21:05:18+00:00,rerank,train,v1,831,0.00003490,0.01689930
2026-09-29T21:05:18+00:00,rerank,train,v1,1087,0.00004565,0.01694496
2026-09-29T21:05:18+00:00,rerank,train,v1,1131,0.00004750,0.01699246
2026-09-29T21:05:18+00:00,rerank,train,v1,1267,0.00005321,0.01704567
2026-09-29T21:05:18+00:00,rerank,train,v1,626,0.00002629,0.01707196
2026-09-29T21:05:18+00:00,rerank,train,v1,732,0.00003074,0.01710271
2026-09-29T21:05:18+00:00,rerank,train,v1,843,0.00003541,0.01713811
2026-09-29T21:05:18+00:00,rerank,train,v1,741,0.00003112,0.01716924
2026-09-29T21:05:18+00:00,rerank,train,v1,956,0.00004015,0.01720939
2026-09-29T21:05:18+00:00,rerank,train,v1,780,0.00003276,0.01724215
2026-09-29T21:05:18+00:00,rerank,train,v1,668,0.00002806,0.01727020
2026-09-29T21:05:18+00:00,rerank,train,v1,676,0.00002839,0.01729860
2026-09-29T21:05:18+00:00,rerank,train,v1,715,0.00003003,0.01732863
2026-09-29T21:05:18+00:00,rerank,train,v1,672,0.00002822,0.01735685
2026-09-29T21:05:18+00:00,rerank,train,v1,771,0.00003238,0.01738923
2026-09-29T21:05:18+00:00,rerank,train,v1,680,0.00002856,0.01741779
2026-09-29T21:05:18+00:00,rerank,train,v1,946,0.00003973,0.01745752
2026-09-29T21:05:18+00:00,rerank,train,v1,698,0.00002932,0.01748684
2026-09-29T21:05:18+00:00,rerank,train,v1,892,0.00003746,0.01752430
2026-09-29T21:05:18+00:00,rerank,train,v1,823,0.00003457,0.01755887
2026-09-29T21:05:18+00:00,rerank,train,v1,828,0.00003478,0.01759365
2026-09-29T21:05:18+00:00,rerank,train,v1,743,0.00003121,0.01762485
2026-09-29T21:05:18+00:00,rerank,train,v1,680,0.00002856,0.01765341
2026-09-29T21:05:18+00:00,rerank,train,v1,1265,0.00005313,0.01770654
2026-09-29T21:05:18+00:00,rerank,train,v1,613,0.00002575,0.01773229
2026-09-29T21:05:18+00:00,rerank,train,v1,665,0.00002793,0.01776022
2026-09-29T21:05:18+00:00,rerank,train,v1,553,0.00002323,0.01778344
2026-09-29T21:05:18+00:00,rerank,train,v1,717,0.00003011,0.01781356
2026-09-29T21:05:18+00:00,rerank,train,v1,909,0.00003818,0.01785174
2026-09-29T21:05:18+00:00,rerank,train,v1,764,0.00003209,0.01788382
2026-09-29T21:05:18+00:00,rerank,train,v1,710,0.00002982,0.01791364
2026-09-29T21:05:18+00:00,rerank,train,v1,954,0.00004007,0.01795371
2026-09-29T21:05:18+00:00,rerank,train,v1,562,0.00002360,0.01797732
2026-09-29T21:05:18+00:00,rerank,train,v1,834,0.00003503,0.01801234
2026-09-29T21:05:18+00:00,rerank,train,v1,2005,0.00008421,0.01809655
2026-09-29T21:05:18+00:00,rerank,train,v1,886,0.00003721,0.01813377
2026-09-29T21:05:18+00:00,rerank,train,v1,686,0.00002881,0.01816258
2026-09-29T21:05:18+00:00,rerank,train,v1,897,0.00003767,0.01820025
2026-09-29T21:05:18+00:00,rerank,train,v1,905,0.00003801,0.01823826
2026-09-29T21:05:18+00:00,rerank,train,v1,738,0.00003100,0.01826926
2026-09-29T21:05:18+00:00,rerank,train,v1,587,0.00002465,0.01829391
2026-09-29T21:05:18+00:00,rerank,train,v1,920,0.00003864,0.01833255
2026-09-29T21:05:18+00:00,rerank,train,v1,667,0.00002801,0.01836057
2026-09-29T21:05:18+00:00,rerank,train,v1,569,0.00002390,0.01838446
2026-09-29T21:05:18+00:00,rerank,train,v1,656,0.00002755,0.01841202
2026-09-29T21:05:18+00:00,rerank,train,v1,680,0.00002856,0.01844058
2026-09-29T21:05:18+00:00,rerank,train,v1,739,0.00003104,0.01847161
2026-09-29T21:05:18+00:00,rerank,train,v1,739,0.00003104,0.01850265
2026-09-29T21:05:18+00:00,rerank,train,v1,791,0.00003322,0.01853587
2026-09-29T21:05:18+00:00,rerank,train,v1,607,0.00002549,0.01856137
2026-09-29T21:05:18+00:00,rerank,train,v1,728,0.00003058,0.01859194
2026-09-29T21:05:18+00:00,rerank,train,v1,769,0.00003230,0.01862424
2026-09-29T21:05:18+00:00,rerank,train,v1,830,0.00003486,0.01865910
2026-09-29T21:05:18+00:00,rerank,train,v1,776,0.00003259,0.01869169
2026-09-29T21:05:18+00:00,rerank,train,v1,826,0.00003469,0.01872639
2026-09-29T21:05:18+00:00,rerank,train,v1,705,0.00002961,0.01875600
2026-09-29T21:05:18+00:00,rerank,train,v1,610,0.00002562,0.01878162
2026-09-29T21:05:19+00:00,rerank,train,v1,667,0.00002801,0.01880963
2026-09-29T21:05:19+00:00,rerank,train,v1,889,0.00003734,0.01884697
2026-09-29T21:05:19+00:00,rerank,train,v1,820,0.00003444,0.01888141
2026-09-29T21:05:19+00:00,rerank,train,v1,968,0.00004066,0.01892206
2026-09-29T21:05:19+00:00,rerank,train,v1,810,0.00003402,0.01895608
2026-09-29T21:05:19+00:00,rerank,train,v1,856,0.00003595,0.01899204
2026-09-29T21:05:19+00:00,rerank,train,v1,738,0.00003100,0.01902303
2026-09-29T21:05:19+00:00,rerank,train,v1,665,0.00002793,0.01905096
2026-09-29T21:05:19+00:00,rerank,train,v1,833,0.00003499,0.01908595
2026-09-29T21:05:19+00:00,rerank,train,v1,669,0.00002810,0.01911405
2026-09-29T21:05:19+00:00,rerank,train,v1,739,0.00003104,0.01914508
2026-09-29T21:05:19+00:00,rerank,train,v1,1280,0.00005376,0.01919884
2026-09-29T21:05:19+00:00,rerank,train,v1,777,0.00003263,0.01923148
2026-09-29T21:05:19+00:00,rerank,train,v1,693,0.00002911,0.01926058
2026-09-29T21:05:19+00:00,rerank,train,v1,2002,0.00008408,0.01934467
2026-09-29T21:05:19+00:00,rerank,train,v1,855,0.00003591,0.01938058
2026-09-29T21:05:19+00:00,rerank,train,v1,871,0.00003658,0.01941716
2026-09-29T21:05:19+00:00,rerank,train,v1,989,0.00004154,0.01945870
2026-09-29T21:05:19+00:00,rerank,train,v1,948,0.00003982,0.01949851
2026-09-29T21:05:19+00:00,rerank,train,v1,1218,0.00005116,0.01954967
2026-09-29T21:05:19+00:00,rerank,train,v1,975,0.00004095,0.01959062
2026-09-29T21:05:19+00:00,rerank,train,v1,1392,0.00005846,0.01964908
2026-09-29T21:05:19+00:00,rerank,train,v1,705,0.00002961,0.01967869
2026-09-29T21:05:19+00:00,rerank,train,v1,652,0.00002738,0.01970608
2026-09-29T21:05:19+00:00,rerank,train,v1,911,0.00003826,0.01974434
2026-09-29T21:05:19+00:00,rerank,train,v1,904,0.00003797,0.01978231
2026-09-29T21:05:19+00:00,rerank,train,v1,1044,0.00004385,0.01982616
2026-09-29T21:05:19+00:00,rerank,train,v1,713,0.00002995,0.01985610
2026-09-29T21:05:19+00:00,rerank,train,v1,901,0.00003784,0.01989394
2026-09-29T21:05:19+00:00,rerank,train,v1,717,0.00003011,0.01992406
2026-09-29T21:05:19+00:00,rerank,train,v1,993,0.00004171,0.01996576
2026-09-29T21:05:19+00:00,rerank,train,v1,757,0.00003179,0.01999756
2026-09-29T21:05:19+00:00,rerank,train,v1,940,0.00003948,0.02003704
2026-09-29T21:05:19+00:00,rerank,train,v1,1066,0.00004477,0.02008181
2026-09-29T21:05:19+00:00,rerank,train,v1,707,0.00002969,0.02011150
2026-09-29T21:05:19+00:00,rerank,train,v1,785,0.00003297,0.02014447
2026-09-29T21:05:19+00:00,rerank,train,v1,1281,0.00005380,0.02019828
2026-09-29T21:05:19+00:00,rerank,train,v1,585,0.00002457,0.02022285
2026-09-29T21:05:19+00:00,rerank,train,v1,776,0.00003259,0.02025544
2026-09-29T21:05:19+00:00,rerank,train,v1,1086,0.00004561,0.02030105
2026-09-29T21:05:19+00:00,rerank,train,v1,1097,0.00004607,0.02034712
2026-09-29T21:05:19+00:00,rerank,train,v1,809,0.00003398,0.02038110
2026-09-29T21:05:19+00:00,rerank,train,v1,642,0.00002696,0.02040807
2026-09-29T21:05:19+00:00,rerank,train,v1,711,0.00002986,0.02043793
2026-09-29T21:05:19+00:00,rerank,train,v1,652,0.00002738,0.02046531
2026-09-29T21:05:19+00:00,rerank,train,v1,743,0.00003121,0.02049652
2026-09-29T21:05:19+00:00,rerank,train,v1,592,0.00002486,0.02052138
2026-09-29T21:05:19+00:00,rerank,train,v1,581,0.00002440,0.02054578
2026-09-29T21:05:19+00:00,rerank,train,v1,636,0.00002671,0.02057250
2026-09-29T21:05:19+00:00,rerank,train,v1,608,0.00002554,0.02059803
2026-09-29T21:05:19+00:00,rerank,train,v1,561,0.00002356,0.02062159
2026-09-29T21:05:19+00:00,rerank,train,v1,585,0.00002457,0.02064616
2026-09-29T21:05:19+00:00,rerank,train,v1,707,0.00002969,0.02067586
2026-09-29T21:05:19+00:00,rerank,train,v1,667,0.00002801,0.02070387
2026-09-29T21:05:19+00:00,rerank,train,v1,641,0.00002692,0.02073079
2026-09-29T21:05:19+00:00,rerank,train,v1,593,0.00002491,0.02075570
2026-09-29T21:05:19+00:00,rerank,train,v1,635,0.00002667,0.02078237
2026-09-29T21:05:19+00:00,rerank,train,v1,747,0.00003137,0.02081374
2026-09-29T21:05:19+00:00,rerank,train,v1,729,0.00003062,0.02084436
2026-09-29T21:05:19+00:00,rerank,train,v1,623,0.00002617,0.02087053
2026-09-29T21:05:19+00:00,rerank,train,v1,515,0.00002163,0.02089216
2026-09-29T21:05:19+00:00,rerank,train,v1,759,0.00003188,0.02092404
2026-09-29T21:05:19+00:00,rerank,train,v1,641,0.00002692,0.02095096
2026-09-29T21:05:20+00:00,rerank,train,v1,813,0.00003415,0.02098510
2026-09-29T21:05:20+00:00,rerank,train,v1,839,0.00003524,0.02102034
2026-09-29T21:05:20+00:00,rerank,train,v1,755,0.00003171,0.02105205
2026-09-29T21:05:20+00:00,rerank,train,v1,646,0.00002713,0.02107918
2026-09-29T21:05:20+00:00,rerank,train,v1,627,0.00002633,0.02110552
2026-09-29T21:05:20+00:00,rerank,train,v1,610,0.00002562,0.02113114
2026-09-29T21:05:20+00:00,rerank,train,v1,794,0.00003335,0.02116449
2026-09-29T21:05:20+00:00,rerank,train,v1,812,0.00003410,0.02119859
2026-09-29T21:05:20+00:00,rerank,train,v1,739,0.00003104,0.02122963
2026-09-29T21:05:20+00:00,rerank,train,v1,804,0.00003377,0.02126340
2026-09-29T21:05:20+00:00,rerank,train,v1,698,0.00002932,0.02129271
2026-09-29T21:05:20+00:00,rerank,train,v1,762,0.00003200,0.02132472
2026-09-29T21:05:20+00:00,rerank,train,v1,857,0.00003599,0.02136071
2026-09-29T21:05:20+00:00,rerank,train,v1,677,0.00002843,0.02138914
2026-09-29T21:05:20+00:00,rerank,train,v1,722,0.00003032,0.02141947
2026-09-29T21:05:20+00:00,rerank,train,v1,647,0.00002717,0.02144664
2026-09-29T21:05:20+00:00,rerank,train,v1,673,0.00002827,0.02147491
2026-09-29T21:05:20+00:00,rerank,train,v1,871,0.00003658,0.02151149
2026-09-29T21:05:20+00:00,rerank,train,v1,823,0.00003457,0.02154606
2026-09-29T21:05:20+00:00,rerank,train,v1,1011,0.00004246,0.02158852
2026-09-29T21:05:20+00:00,rerank,train,v1,776,0.00003259,0.02162111
2026-09-29T21:05:20+00:00,rerank,train,v1,960,0.00004032,0.02166143
2026-09-29T21:05:20+00:00,rerank,train,v1,762,0.00003200,0.02169343
2026-09-29T21:05:20+00:00,rerank,train,v1,664,0.00002789,0.02172132
2026-09-29T21:05:20+00:00,rerank,train,v1,659,0.00002768,0.02174900
2026-09-29T21:05:20+00:00,rerank,train,v1,899,0.00003776,0.02178676
2026-09-29T21:05:20+00:00,rerank,train,v1,675,0.00002835,0.02181511
2026-09-29T21:05:20+00:00,rerank,train,v1,693,0.00002911,0.02184421
2026-09-29T21:05:20+00:00,rerank,train,v1,814,0.00003419,0.02187840
2026-09-29T21:05:20+00:00,rerank,train,v1,814,0.00003419,0.02191259
2026-09-29T21:05:20+00:00,rerank,train,v1,740,0.00003108,0.02194367
2026-09-29T21:05:20+00:00,rerank,train,v1,768,0.00003226,0.02197593
2026-09-29T21:05:20+00:00,rerank,train,v1,632,0.00002654,0.02200247
2026-09-29T21:05:20+00:00,rerank,train,v1,791,0.00003322,0.02203569
2026-09-29T21:05:20+00:00,rerank,train,v1,860,0.00003612,0.02207181
2026-09-29T21:05:20+00:00,rerank,train,v1,866,0.00003637,0.02210818
2026-09-29T21:05:20+00:00,rerank,train,v1,624,0.00002621,0.02213439
2026-09-29T21:05:20+00:00,rerank,train,v1,906,0.00003805,0.02217244
2026-09-29T21:05:20+00:00,rerank,train,v1,818,0.00003436,0.02220680
2026-09-29T21:05:20+00:00,rerank,train,v1,1010,0.00004242,0.02224922
2026-09-29T21:05:20+00:00,rerank,train,v1,925,0.00003885,0.02228807
2026-09-29T21:05:20+00:00,rerank,train,v1,1093,0.00004591,0.02233398
2026-09-29T21:05:20+00:00,rerank,train,v1,914,0.00003839,0.02237236
2026-09-29T21:05:20+00:00,rerank,train,v1,895,0.00003759,0.02240995
2026-09-29T21:05:20+00:00,rerank,train,v1,900,0.00003780,0.02244775
2026-09-29T21:05:20+00:00,rerank,train,v1,689,0.00002894,0.02247669
2026-09-29T21:05:20+00:00,rerank,train,v1,981,0.00004120,0.02251789
2026-09-29T21:05:20+00:00,rerank,train,v1,954,0.00004007,0.02255796
2026-09-29T21:05:20+00:00,rerank,train,v1,971,0.00004078,0.02259874
2026-09-29T21:05:20+00:00,rerank,train,v1,779,0.00003272,0.02263146
2026-09-29T21:05:20+00:00,rerank,train,v1,885,0.00003717,0.02266863
2026-09-29T21:05:20+00:00,rerank,train,v1,902,0.00003788,0.02270652
2026-09-29T21:05:20+00:00,rerank,train,v1,1048,0.00004402,0.02275053
2026-09-29T21:05:20+00:00,rerank,train,v1,628,0.00002638,0.02277691
2026-09-29T21:05:20+00:00,rerank,train,v1,697,0.00002927,0.02280618
2026-09-29T21:05:20+00:00,rerank,train,v1,1026,0.00004309,0.02284927
2026-09-29T21:05:20+00:00,rerank,train,v1,658,0.00002764,0.02287691
2026-09-29T21:05:20+00:00,rerank,train,v1,795,0.00003339,0.02291030
2026-09-29T21:05:20+00:00,rerank,train,v1,736,0.00003091,0.02294121
2026-09-29T21:05:20+00:00,rerank,train,v1,669,0.00002810,0.02296931
2026-09-29T21:05:20+00:00,rerank,train,v1,896,0.00003763,0.02300694
2026-09-29T21:05:20+00:00,rerank,train,v1,870,0.00003654,0.02304348
2026-09-29T21:05:20+00:00,rerank,train,v1,763,0.00003205,0.02307553
2026-09-29T21:05:20+00:00,rerank,train,v1,770,0.00003234,0.02310787
2026-09-29T21:05:20+00:00,rerank,train,v1,831,0.00003490,0.02314277
2026-09-29T21:05:20+00:00,rerank,train,v1,814,0.00003419,0.02317696
2026-09-29T21:05:20+00:00,rerank,train,v1,875,0.00003675,0.02321371
2026-09-29T21:05:20+00:00,rerank,train,v1,867,0.00003641,0.02325012
2026-09-29T21:05:20+00:00,rerank,train,v1,877,0.00003683,0.02328696
2026-09-29T21:05:20+00:00,rerank,train,v1,665,0.00002793,0.02331489
2026-09-29T21:05:20+00:00,rerank,train,v1,930,0.00003906,0.02335395
2026-09-29T21:05:20+00:00,rerank,train,v1,836,0.00003511,0.02338906
2026-09-29T21:05:21+00:00,rerank,train,v1,583,0.00002449,0.02341354
2026-09-29T21:05:21+00:00,rerank,train,v1,646,0.00002713,0.02344068
2026-09-29T21:05:21+00:00,rerank,train,v1,795,0.00003339,0.02347407
2026-09-29T21:05:21+00:00,rerank,train,v1,675,0.00002835,0.02350242
2026-09-29T21:05:21+00:00,rerank,train,v1,690,0.00002898,0.02353140
2026-09-29T21:05:21+00:00,rerank,train,v1,588,0.00002470,0.02355609
2026-09-29T21:05:21+00:00,rerank,train,v1,725,0.00003045,0.02358654
2026-09-29T21:05:21+00:00,rerank,train,v1,890,0.00003738,0.02362392
2026-09-29T21:05:21+00:00,rerank,train,v1,662,0.00002780,0.02365173
2026-09-29T21:05:21+00:00,rerank,train,v1,711,0.00002986,0.02368159
2026-09-29T21:05:21+00:00,rerank,train,v1,781,0.00003280,0.02371439
2026-09-29T21:05:21+00:00,rerank,train,v1,790,0.00003318,0.02374757
2026-09-29T21:05:21+00:00,rerank,train,v1,774,0.00003251,0.02378008
2026-09-29T21:05:21+00:00,rerank,train,v1,670,0.00002814,0.02380822
2026-09-29T21:05:21+00:00,rerank,train,v1,592,0.00002486,0.02383308
2026-09-29T21:05:21+00:00,rerank,train,v1,980,0.00004116,0.02387424
2026-09-29T21:05:21+00:00,rerank,train,v1,784,0.00003293,0.02390717
2026-09-29T21:05:21+00:00,rerank,train,v1,607,0.00002549,0.02393266
2026-09-29T21:05:21+00:00,rerank,train,v1,789,0.00003314,0.02396580
2026-09-29T21:05:21+00:00,rerank,train,v1,977,0.00004103,0.02400684
2026-09-29T21:05:21+00:00,rerank,train,v1,955,0.00004011,0.02404695
2026-09-29T21:05:21+00:00,rerank,train,v1,795,0.00003339,0.02408034
2026-09-29T21:05:21+00:00,rerank,train,v1,841,0.00003532,0.02411566
2026-09-29T21:05:21+00:00,rerank,train,v1,811,0.00003406,0.02414972
2026-09-29T21:05:21+00:00,rerank,train,v1,894,0.00003755,0.02418727
2026-09-29T21:05:21+00:00,rerank,train,v1,763,0.00003205,0.02421931
2026-09-29T21:05:21+00:00,rerank,train,v1,802,0.00003368,0.02425300
2026-09-29T21:05:21+00:00,rerank,train,v1,922,0.00003872,0.02429172
2026-09-29T21:05:21+00:00,rerank,train,v1,556,0.00002335,0.02431507
2026-09-29T21:05:21+00:00,rerank,train,v1,568,0.00002386,0.02433893
2026-09-29T21:05:21+00:00,rerank,train,v1,904,0.00003797,0.02437690
2026-09-29T21:05:21+00:00,rerank,train,v1,625,0.00002625,0.02440315
2026-09-29T21:05:21+00:00,rerank,train,v1,670,0.00002814,0.02443129
2026-09-29T21:05:21+00:00,rerank,train,v1,647,0.00002717,0.02445846
2026-09-29T21:05:21+00:00,rerank,train,v1,703,0.00002953,0.02448799
2026-09-29T21:05:21+00:00,rerank,train,v1,851,0.00003574,0.02452373
2026-09-29T21:05:21+00:00,rerank,train,v1,587,0.00002465,0.02454838
2026-09-29T21:05:21+00:00,rerank,train,v1,585,0.00002457,0.02457295
2026-09-29T21:05:21+00:00,rerank,train,v1,659,0.00002768,0.02460063
2026-09-29T21:05:21+00:00,rerank,train,v1,589,0.00002474,0.02462537
2026-09-29T21:05:21+00:00,rerank,train,v1,584,0.00002453,0.02464990
2026-09-29T21:05:21+00:00,rerank,train,v1,758,0.00003184,0.02468173
2026-09-29T21:05:21+00:00,rerank,train,v1,635,0.00002667,0.02470840
2026-09-29T21:05:21+00:00,rerank,train,v1,578,0.00002428,0.02473268
2026-09-29T21:05:21+00:00,rerank,train,v1,1082,0.00004544,0.02477812
2026-09-29T21:05:21+00:00,rerank,train,v1,530,0.00002226,0.02480038
2026-09-29T21:05:21+00:00,rerank,train,v1,721,0.00003028,0.02483067
2026-09-29T21:05:21+00:00,rerank,train,v1,781,0.00003280,0.02486347
2026-09-29T21:05:21+00:00,rerank,train,v1,550,0.00002310,0.02488657
2026-09-29T21:05:21+00:00,rerank,train,v1,736,0.00003091,0.02491748
2026-09-29T21:05:21+00:00,rerank,train,v1,772,0.00003242,0.02494990
2026-09-29T21:05:21+00:00,rerank,train,v1,773,0.00003247,0.02498237
2026-09-29T21:05:21+00:00,rerank,train,v1,692,0.00002906,0.02501143
2026-09-29T21:05:21+00:00,rerank,train,v1,825,0.00003465,0.02504608
2026-09-29T21:05:21+00:00,rerank,train,v1,694,0.00002915,0.02507523
2026-09-29T21:05:21+00:00,rerank,train,v1,701,0.00002944,0.02510467
2026-09-29T21:05:21+00:00,rerank,train,v1,635,0.00002667,0.02513134
2026-09-29T21:05:21+00:00,rerank,train,v1,741,0.00003112,0.02516247
2026-09-29T21:05:21+00:00,rerank,train,v1,624,0.00002621,0.02518867
2026-09-29T21:05:21+00:00,rerank,train,v1,750,0.00003150,0.02522017
2026-09-29T21:05:21+00:00,rerank,train,v1,699,0.00002936,0.02524953
2026-09-29T21:05:21+00:00,rerank,train,v1,810,0.00003402,0.02528355
2026-09-29T21:05:21+00:00,rerank,train,v1,663,0.00002785,0.02531140
2026-09-29T21:05:21+00:00,rerank,train,v1,680,0.00002856,0.02533996
2026-09-29T21:05:21+00:00,rerank,train,v1,740,0.00003108,0.02537104
2026-09-29T21:05:21+00:00,rerank,train,v1,667,0.00002801,0.02539905
2026-09-29T21:05:21+00:00,rerank,train,v1,722,0.00003032,0.02542938
2026-09-29T21:05:21+00:00,rerank,train,v1,683,0.00002869,0.02545806
2026-09-29T21:05:21+00:00,rerank,train,v1,744,0.00003125,0.02548931
2026-09-29T21:05:21+00:00,rerank,train,v1,719,0.00003020,0.02551951
2026-09-29T21:05:21+00:00,rerank,train,v1,664,0.00002789,0.02554740
2026-09-29T21:05:21+00:00,rerank,train,v1,678,0.00002848,0.02557587
2026-09-29T21:05:21+00:00,rerank,train,v1,778,0.00003268,0.02560855
2026-09-29T21:05:22+00:00,rerank,train,v1,727,0.00003053,0.02563908
2026-09-29T21:05:22+00:00,rerank,train,v1,898,0.00003772,0.02567680
2026-09-29T21:05:22+00:00,rerank,train,v1,833,0.00003499,0.02571178
2026-09-29T21:05:22+00:00,rerank,train,v1,752,0.00003158,0.02574337
2026-09-29T21:05:22+00:00,rerank,train,v1,827,0.00003473,0.02577810
2026-09-29T21:05:22+00:00,rerank,train,v1,679,0.00002852,0.02580662
2026-09-29T21:05:22+00:00,rerank,train,v1,715,0.00003003,0.02583665
2026-09-29T21:05:22+00:00,rerank,train,v1,713,0.00002995,0.02586660
2026-09-29T21:05:22+00:00,rerank,train,v1,642,0.00002696,0.02589356
2026-09-29T21:05:22+00:00,rerank,train,v1,632,0.00002654,0.02592010
2026-09-29T21:05:22+00:00,rerank,train,v1,686,0.00002881,0.02594892
2026-09-29T21:05:22+00:00,rerank,train,v1,659,0.00002768,0.02597659
2026-09-29T21:05:22+00:00,rerank,train,v1,710,0.00002982,0.02600641
2026-09-29T21:05:22+00:00,rerank,train,v1,641,0.00002692,0.02603334
2026-09-29T21:05:22+00:00,rerank,train,v1,722,0.00003032,0.02606366
2026-09-29T21:05:22+00:00,rerank,train,v1,523,0.00002197,0.02608563
2026-09-29T21:05:22+00:00,rerank,train,v1,638,0.00002680,0.02611242
2026-09-29T21:05:22+00:00,rerank,train,v1,777,0.00003263,0.02614506
2026-09-29T21:05:22+00:00,rerank,train,v1,680,0.00002856,0.02617362
2026-09-29T21:05:22+00:00,rerank,train,v1,829,0.00003482,0.02620843
2026-09-29T21:05:22+00:00,rerank,train,v1,576,0.00002419,0.02623263
2026-09-29T21:05:22+00:00,rerank,train,v1,636,0.00002671,0.02625934
2026-09-29T21:05:22+00:00,rerank,train,v1,674,0.00002831,0.02628765
2026-09-29T21:05:22+00:00,rerank,train,v1,1126,0.00004729,0.02633494
2026-09-29T21:05:22+00:00,rerank,train,v1,745,0.00003129,0.02636623
2026-09-29T21:05:22+00:00,rerank,train,v1,895,0.00003759,0.02640382
2026-09-29T21:05:22+00:00,rerank,train,v1,826,0.00003469,0.02643851
2026-09-29T21:05:22+00:00,rerank,train,v1,600,0.00002520,0.02646371
2026-09-29T21:05:22+00:00,rerank,train,v1,776,0.00003259,0.02649630
2026-09-29T21:05:22+00:00,rerank,train,v1,796,0.00003343,0.02652973
2026-09-29T21:05:22+00:00,rerank,train,v1,632,0.00002654,0.02655628
2026-09-29T21:05:22+00:00,rerank,train,v1,744,0.00003125,0.02658753
2026-09-29T21:05:22+00:00,rerank,train,v1,703,0.00002953,0.02661705
2026-09-29T21:05:22+00:00,rerank,train,v1,985,0.00004137,0.02665842
2026-09-29T21:05:22+00:00,rerank,train,v1,841,0.00003532,0.02669374
2026-09-29T21:05:22+00:00,rerank,train,v1,728,0.00003058,0.02672432
2026-09-29T21:05:22+00:00,rerank,train,v1,797,0.00003347,0.02675779
2026-09-29T21:05:22+00:00,rerank,train,v1,672,0.00002822,0.02678602
2026-09-29T21:05:22+00:00,rerank,train,v1,857,0.00003599,0.02682201
2026-09-29T21:05:22+00:00,rerank,train,v1,817,0.00003431,0.02685633
2026-09-29T21:05:22+00:00,rerank,train,v1,758,0.00003184,0.02688816
2026-09-29T21:05:22+00:00,rerank,train,v1,767,0.00003221,0.02692038
2026-09-29T21:05:22+00:00,rerank,train,v1,814,0.00003419,0.02695456
2026-09-29T21:05:22+00:00,rerank,train,v1,674,0.00002831,0.02698287
2026-09-29T21:05:22+00:00,rerank,train,v1,679,0.00002852,0.02701139
2026-09-29T21:05:22+00:00,rerank,train,v1,725,0.00003045,0.02704184
2026-09-29T21:05:22+00:00,rerank,train,v1,645,0.00002709,0.02706893
2026-09-29T21:05:22+00:00,rerank,train,v1,982,0.00004124,0.02711017
2026-09-29T21:05:22+00:00,rerank,train,v1,715,0.00003003,0.02714020
2026-09-29T21:05:22+00:00,rerank,train,v1,970,0.00004074,0.02718094
2026-09-29T21:05:22+00:00,rerank,train,v1,671,0.00002818,0.02720913
2026-09-29T21:05:22+00:00,rerank,train,v1,642,0.00002696,0.02723609
2026-09-29T21:05:22+00:00,rerank,train,v1,606,0.00002545,0.02726154
2026-09-29T21:05:23+00:00,rerank,train,v1,840,0.00003528,0.02729682
2026-09-29T21:05:23+00:00,rerank,train,v1,729,0.00003062,0.02732744
2026-09-29T21:05:23+00:00,rerank,train,v1,797,0.00003347,0.02736091
2026-09-29T21:05:23+00:00,rerank,train,v1,665,0.00002793,0.02738884
2026-09-29T21:05:23+00:00,rerank,train,v1,831,0.00003490,0.02742375
2026-09-29T21:05:23+00:00,rerank,train,v1,662,0.00002780,0.02745155
2026-09-29T21:05:23+00:00,rerank,train,v1,646,0.00002713,0.02747868
2026-09-29T21:05:23+00:00,rerank,train,v1,711,0.00002986,0.02750854
2026-09-29T21:05:23+00:00,rerank,train,v1,887,0.00003725,0.02754580
2026-09-29T21:05:23+00:00,rerank,train,v1,863,0.00003625,0.02758204
2026-09-29T21:05:23+00:00,rerank,train,v1,902,0.00003788,0.02761993
2026-09-29T21:05:23+00:00,rerank,train,v1,656,0.00002755,0.02764748
2026-09-29T21:05:23+00:00,rerank,train,v1,760,0.00003192,0.02767940
2026-09-29T21:05:23+00:00,rerank,train,v1,538,0.00002260,0.02770200
2026-09-29T21:05:23+00:00,rerank,train,v1,664,0.00002789,0.02772988
2026-09-29T21:05:23+00:00,rerank,train,v1,713,0.00002995,0.02775983
2026-09-29T21:05:23+00:00,rerank,train,v1,816,0.00003427,0.02779410
2026-09-29T21:05:23+00:00,rerank,train,v1,900,0.00003780,0.02783190
2026-09-29T21:05:23+00:00,rerank,train,v1,724,0.00003041,0.02786231
2026-09-29T21:05:23+00:00,rerank,train,v1,677,0.00002843,0.02789074
2026-09-29T21:05:23+00:00,rerank,train,v1,722,0.00003032,0.02792107
2026-09-29T21:05:23+00:00,rerank,train,v1,800,0.00003360,0.02795467
2026-09-29T21:05:23+00:00,rerank,train,v1,744,0.00003125,0.02798592
2026-09-29T21:05:23+00:00,rerank,train,v1,706,0.00002965,0.02801557
2026-09-29T21:05:23+00:00,rerank,train,v1,1124,0.00004721,0.02806278
2026-09-29T21:05:23+00:00,rerank,train,v1,743,0.00003121,0.02809398
2026-09-29T21:05:23+00:00,rerank,train,v1,869,0.00003650,0.02813048
2026-09-29T21:05:23+00:00,rerank,train,v1,665,0.00002793,0.02815841
2026-09-29T21:05:23+00:00,rerank,train,v1,691,0.00002902,0.02818743
2026-09-29T21:05:23+00:00,rerank,train,v1,850,0.00003570,0.02822313
2026-09-29T21:05:23+00:00,rerank,train,v1,915,0.00003843,0.02826156
2026-09-29T21:05:23+00:00,rerank,train,v1,716,0.00003007,0.02829163
2026-09-29T21:05:23+00:00,rerank,train,v1,734,0.00003083,0.02832246
2026-09-29T21:05:23+00:00,rerank,train,v1,855,0.00003591,0.02835837
2026-09-29T21:05:23+00:00,rerank,train,v1,623,0.00002617,0.02838454
2026-09-29T21:05:23+00:00,rerank,train,v1,786,0.00003301,0.02841755
2026-09-29T21:05:23+00:00,rerank,train,v1,658,0.00002764,0.02844519
2026-09-29T21:05:23+00:00,rerank,train,v1,679,0.00002852,0.02847370
2026-09-29T21:05:23+00:00,rerank,train,v1,667,0.00002801,0.02850172
2026-09-29T21:05:23+00:00,rerank,train,v1,639,0.00002684,0.02852856
2026-09-29T21:05:23+00:00,rerank,train,v1,996,0.00004183,0.02857039
2026-09-29T21:05:23+00:00,rerank,train,v1,618,0.00002596,0.02859634
2026-09-29T21:05:23+00:00,rerank,train,v1,972,0.00004082,0.02863717
2026-09-29T21:05:23+00:00,rerank,train,v1,808,0.00003394,0.02867110
2026-09-29T21:05:23+00:00,rerank,train,v1,667,0.00002801,0.02869912
2026-09-29T21:05:23+00:00,rerank,train,v1,913,0.00003835,0.02873746
2026-09-29T21:05:23+00:00,rerank,train,v1,862,0.00003620,0.02877367
2026-09-29T21:05:23+00:00,rerank,train,v1,945,0.00003969,0.02881336
2026-09-29T21:05:23+00:00,rerank,train,v1,826,0.00003469,0.02884805
2026-09-29T21:05:23+00:00,rerank,train,v1,683,0.00002869,0.02887674
2026-09-29T21:05:23+00:00,rerank,train,v1,780,0.00003276,0.02890950
2026-09-29T21:05:23+00:00,rerank,train,v1,1259,0.00005288,0.02896237
2026-09-29T21:05:23+00:00,rerank,train,v1,1378,0.00005788,0.02902025
2026-09-29T21:05:23+00:00,rerank,train,v1,853,0.00003583,0.02905608
2026-09-29T21:05:23+00:00,rerank,train,v1,623,0.00002617,0.02908224
2026-09-29T21:05:23+00:00,rerank,train,v1,830,0.00003486,0.02911710
2026-09-29T21:05:23+00:00,rerank,train,v1,820,0.00003444,0.02915154
2026-09-29T21:05:23+00:00,rerank,train,v1,812,0.00003410,0.02918565
2026-09-29T21:05:23+00:00,rerank,train,v1,1046,0.00004393,0.02922958
2026-09-29T21:05:23+00:00,rerank,train,v1,707,0.00002969,0.02925927
2026-09-29T21:05:24+00:00,rerank,train,v1,659,0.00002768,0.02928695
2026-09-29T21:05:24+00:00,rerank,train,v1,725,0.00003045,0.02931740
2026-09-29T21:05:24+00:00,rerank,train,v1,1535,0.00006447,0.02938187
2026-09-29T21:05:24+00:00,rerank,train,v1,694,0.00002915,0.02941102
2026-09-29T21:05:24+00:00,rerank,train,v1,781,0.00003280,0.02944382
2026-09-29T21:05:24+00:00,rerank,train,v1,955,0.00004011,0.02948393
2026-09-29T21:05:24+00:00,rerank,train,v1,708,0.00002974,0.02951367
2026-09-29T21:05:24+00:00,rerank,train,v1,992,0.00004166,0.02955533
2026-09-29T21:05:24+00:00,rerank,train,v1,962,0.00004040,0.02959573
2026-09-29T21:05:24+00:00,rerank,train,v1,949,0.00003986,0.02963559
2026-09-29T21:05:24+00:00,rerank,train,v1,1379,0.00005792,0.02969351
2026-09-29T21:05:24+00:00,rerank,train,v1,1001,0.00004204,0.02973555
2026-09-29T21:05:24+00:00,rerank,train,v1,917,0.00003851,0.02977407
2026-09-29T21:05:24+00:00,rerank,train,v1,982,0.00004124,0.02981531
2026-09-29T21:05:24+00:00,rerank,train,v1,798,0.00003352,0.02984883
2026-09-29T21:05:24+00:00,rerank,train,v1,660,0.00002772,0.02987655
2026-09-29T21:05:24+00:00,rerank,train,v1,1059,0.00004448,0.02992102
2026-09-29T21:05:24+00:00,rerank,train,v1,711,0.00002986,0.02995089
2026-09-29T21:05:24+00:00,rerank,train,v1,754,0.00003167,0.02998255
2026-09-29T21:05:24+00:00,rerank,train,v1,916,0.00003847,0.03002103
2026-09-29T21:05:24+00:00,rerank,train,v1,763,0.00003205,0.03005307
2026-09-29T21:05:24+00:00,rerank,train,v1,732,0.00003074,0.03008382
2026-09-29T21:05:24+00:00,rerank,train,v1,691,0.00002902,0.03011284
2026-09-29T21:05:24+00:00,rerank,train,v1,727,0.00003053,0.03014337
2026-09-29T21:05:24+00:00,rerank,train,v1,725,0.00003045,0.03017382
2026-09-29T21:05:24+00:00,rerank,train,v1,799,0.00003356,0.03020738
2026-09-29T21:05:24+00:00,rerank,train,v1,883,0.00003709,0.03024447
2026-09-29T21:05:24+00:00,rerank,train,v1,665,0.00002793,0.03027240
2026-09-29T21:05:24+00:00,rerank,train,v1,866,0.00003637,0.03030877
2026-09-29T21:05:24+00:00,rerank,train,v1,676,0.00002839,0.03033716
2026-09-29T21:05:24+00:00,rerank,train,v1,644,0.00002705,0.03036421
2026-09-29T21:05:24+00:00,rerank,train,v1,668,0.00002806,0.03039226
2026-09-29T21:05:24+00:00,rerank,train,v1,900,0.00003780,0.03043006
2026-09-29T21:05:24+00:00,rerank,train,v1,881,0.00003700,0.03046707
2026-09-29T21:05:24+00:00,rerank,train,v1,1029,0.00004322,0.03051028
2026-09-29T21:05:24+00:00,rerank,train,v1,891,0.00003742,0.03054771
2026-09-29T21:05:24+00:00,rerank,train,v1,513,0.00002155,0.03056925
2026-09-29T21:05:24+00:00,rerank,train,v1,756,0.00003175,0.03060100
2026-09-29T21:05:24+00:00,rerank,train,v1,864,0.00003629,0.03063729
2026-09-29T21:05:24+00:00,rerank,train,v1,717,0.00003011,0.03066741
2026-09-29T21:05:24+00:00,rerank,train,v1,671,0.00002818,0.03069559
2026-09-29T21:05:24+00:00,rerank,train,v1,807,0.00003389,0.03072948
2026-09-29T21:05:24+00:00,rerank,train,v1,968,0.00004066,0.03077014
2026-09-29T21:05:24+00:00,rerank,train,v1,933,0.00003919,0.03080932
2026-09-29T21:05:24+00:00,rerank,train,v1,750,0.00003150,0.03084082
2026-09-29T21:05:24+00:00,rerank,train,v1,733,0.00003079,0.03087161
2026-09-29T21:05:24+00:00,rerank,train,v1,585,0.00002457,0.03089618
2026-09-29T21:05:24+00:00,rerank,train,v1,811,0.00003406,0.03093024
2026-09-29T21:05:24+00:00,rerank,train,v1,719,0.00003020,0.03096044
2026-09-29T21:05:24+00:00,rerank,train,v1,1144,0.00004805,0.03100849
2026-09-29T21:05:24+00:00,rerank,train,v1,945,0.00003969,0.03104818
2026-09-29T21:05:24+00:00,rerank,train,v1,927,0.00003893,0.03108711
2026-09-29T21:05:24+00:00,rerank,train,v1,955,0.00004011,0.03112722
2026-09-29T21:05:24+00:00,rerank,train,v1,668,0.00002806,0.03115528
2026-09-29T21:05:24+00:00,rerank,train,v1,682,0.00002864,0.03118392
2026-09-29T21:05:24+00:00,rerank,train,v1,804,0.00003377,0.03121769
2026-09-29T21:05:24+00:00,rerank,train,v1,1005,0.00004221,0.03125990
2026-09-29T21:05:24+00:00,rerank,train,v1,720,0.00003024,0.03129014
2026-09-29T21:05:24+00:00,rerank,train,v1,749,0.00003146,0.03132160
2026-09-29T21:05:24+00:00,rerank,train,v1,650,0.00002730,0.03134890
2026-09-29T21:05:24+00:00,rerank,train,v1,817,0.00003431,0.03138321
2026-09-29T21:05:24+00:00,rerank,train,v1,919,0.00003860,0.03142181
2026-09-29T21:05:24+00:00,rerank,train,v1,842,0.00003536,0.03145717
2026-09-29T21:05:24+00:00,rerank,train,v1,816,0.00003427,0.03149145
2026-09-29T21:05:24+00:00,rerank,train,v1,677,0.00002843,0.03151988
2026-09-29T21:05:24+00:00,rerank,train,v1,668,0.00002806,0.03154794
2026-09-29T21:05:24+00:00,rerank,train,v1,775,0.00003255,0.03158049
2026-09-29T21:05:24+00:00,rerank,train,v1,911,0.00003826,0.03161875
2026-09-29T21:05:24+00:00,rerank,train,v1,1495,0.00006279,0.03168154
2026-09-29T21:05:24+00:00,rerank,train,v1,822,0.00003452,0.03171606
2026-09-29T21:05:24+00:00,rerank,train,v1,913,0.00003835,0.03175441
2026-09-29T21:05:24+00:00,rerank,train,v1,730,0.00003066,0.03178507
2026-09-29T21:05:25+00:00,rerank,train,v1,812,0.00003410,0.03181917
2026-09-29T21:05:25+00:00,rerank,train,v1,796,0.00003343,0.03185260
2026-09-29T21:05:25+00:00,rerank,train,v1,793,0.00003331,0.03188591
2026-09-29T21:05:25+00:00,rerank,train,v1,817,0.00003431,0.03192022
2026-09-29T21:05:25+00:00,rerank,train,v1,823,0.00003457,0.03195479
2026-09-29T21:05:25+00:00,rerank,train,v1,743,0.00003121,0.03198600
2026-09-29T21:05:25+00:00,rerank,train,v1,1032,0.00004334,0.03202934
2026-09-29T21:05:25+00:00,rerank,train,v1,672,0.00002822,0.03205756
2026-09-29T21:05:25+00:00,rerank,train,v1,759,0.00003188,0.03208944
2026-09-29T21:05:25+00:00,rerank,train,v1,701,0.00002944,0.03211888
2026-09-29T21:05:25+00:00,rerank,train,v1,667,0.00002801,0.03214690
2026-09-29T21:05:25+00:00,rerank,train,v1,842,0.00003536,0.03218226
2026-09-29T21:05:25+00:00,rerank,train,v1,948,0.00003982,0.03222208
2026-09-29T21:05:25+00:00,rerank,train,v1,958,0.00004024,0.03226231
2026-09-29T21:05:25+00:00,rerank,train,v1,746,0.00003133,0.03229365
2026-09-29T21:05:25+00:00,rerank,train,v1,650,0.00002730,0.03232095
2026-09-29T21:05:25+00:00,rerank,train,v1,525,0.00002205,0.03234300
2026-09-29T21:05:25+00:00,rerank,train,v1,653,0.00002743,0.03237042
2026-09-29T21:05:25+00:00,rerank,train,v1,862,0.00003620,0.03240663
2026-09-29T21:05:25+00:00,rerank,train,v1,894,0.00003755,0.03244417
2026-09-29T21:05:25+00:00,rerank,train,v1,615,0.00002583,0.03247000
2026-09-29T21:05:25+00:00,rerank,train,v1,613,0.00002575,0.03249575
2026-09-29T21:05:25+00:00,rerank,train,v1,714,0.00002999,0.03252574
2026-09-29T21:05:25+00:00,rerank,train,v1,729,0.00003062,0.03255636
2026-09-29T21:05:25+00:00,rerank,train,v1,743,0.00003121,0.03258756
2026-09-29T21:05:25+00:00,rerank,train,v1,717,0.00003011,0.03261768
2026-09-29T21:05:25+00:00,rerank,train,v1,714,0.00002999,0.03264766
2026-09-29T21:05:25+00:00,rerank,train,v1,830,0.00003486,0.03268252
2026-09-29T21:05:25+00:00,rerank,train,v1,946,0.00003973,0.03272226
2026-09-29T21:05:25+00:00,rerank,train,v1,669,0.00002810,0.03275035
2026-09-29T21:05:25+00:00,rerank,train,v1,639,0.00002684,0.03277719
2026-09-29T21:05:25+00:00,rerank,train,v1,667,0.00002801,0.03280521
2026-09-29T21:05:25+00:00,rerank,train,v1,887,0.00003725,0.03284246
2026-09-29T21:05:25+00:00,rerank,train,v1,717,0.00003011,0.03287257
2026-09-29T21:05:25+00:00,rerank,train,v1,817,0.00003431,0.03290689
2026-09-29T21:05:25+00:00,rerank,train,v1,733,0.00003079,0.03293767
2026-09-29T21:05:25+00:00,rerank,train,v1,867,0.00003641,0.03297409
2026-09-29T21:05:25+00:00,rerank,train,v1,907,0.00003809,0.03301218
2026-09-29T21:05:25+00:00,rerank,train,v1,639,0.00002684,0.03303902
2026-09-29T21:05:25+00:00,rerank,train,v1,820,0.00003444,0.03307346
2026-09-29T21:05:25+00:00,rerank,train,v1,732,0.00003074,0.03310420
2026-09-29T21:05:25+00:00,rerank,train,v1,735,0.00003087,0.03313507
2026-09-29T21:05:25+00:00,rerank,train,v1,811,0.00003406,0.03316914
2026-09-29T21:05:25+00:00,rerank,train,v1,617,0.00002591,0.03319505
2026-09-29T21:05:25+00:00,rerank,train,v1,732,0.00003074,0.03322579
2026-09-29T21:05:25+00:00,rerank,train,v1,681,0.00002860,0.03325440
2026-09-29T21:05:25+00:00,rerank,train,v1,828,0.00003478,0.03328917
2026-09-29T21:05:25+00:00,rerank,train,v1,697,0.00002927,0.03331845
2026-09-29T21:05:25+00:00,rerank,train,v1,765,0.00003213,0.03335058
2026-09-29T21:05:25+00:00,rerank,train,v1,629,0.00002642,0.03337699
2026-09-29T21:05:25+00:00,rerank,train,v1,698,0.00002932,0.03340631
2026-09-29T21:05:25+00:00,rerank,train,v1,679,0.00002852,0.03343483
2026-09-29T21:05:25+00:00,rerank,train,v1,822,0.00003452,0.03346935
2026-09-29T21:05:25+00:00,rerank,train,v1,817,0.00003431,0.03350367
2026-09-29T21:05:25+00:00,rerank,train,v1,603,0.00002533,0.03352899
2026-09-29T21:05:25+00:00,rerank,train,v1,659,0.00002768,0.03355667
2026-09-29T21:05:25+00:00,rerank,train,v1,874,0.00003671,0.03359338
2026-09-29T21:05:25+00:00,rerank,train,v1,658,0.00002764,0.03362101
2026-09-29T21:05:25+00:00,rerank,train,v1,654,0.00002747,0.03364848
2026-09-29T21:05:25+00:00,rerank,train,v1,1009,0.00004238,0.03369086
2026-09-29T21:05:25+00:00,rerank,train,v1,842,0.00003536,0.03372622
2026-09-29T21:05:25+00:00,rerank,train,v1,642,0.00002696,0.03375319
2026-09-29T21:05:25+00:00,rerank,train,v1,902,0.00003788,0.03379107
2026-09-29T21:05:25+00:00,rerank,train,v1,837,0.00003515,0.03382623
2026-09-29T21:05:25+00:00,rerank,train,v1,692,0.00002906,0.03385529
2026-09-29T21:05:25+00:00,rerank,train,v1,703,0.00002953,0.03388482
2026-09-29T21:05:25+00:00,rerank,train,v1,731,0.00003070,0.03391552
2026-09-29T21:05:25+00:00,rerank,train,v1,671,0.00002818,0.03394370
2026-09-29T21:05:25+00:00,rerank,train,v1,831,0.00003490,0.03397860
2026-09-29T21:05:25+00:00,rerank,train,v1,647,0.00002717,0.03400578
2026-09-29T21:05:25+00:00,rerank,train,v1,571,0.00002398,0.03402976
2026-09-29T21:05:25+00:00,rerank,train,v1,781,0.00003280,0.03406256
2026-09-29T21:05:25+00:00,rerank,train,v1,759,0.00003188,0.03409444
2026-09-29T21:05:26+00:00,rerank,train,v1,662,0.00002780,0.03412224
2026-09-29T21:05:26+00:00,rerank,train,v1,816,0.00003427,0.03415651
2026-09-29T21:05:26+00:00,rerank,train,v1,751,0.00003154,0.03418806
2026-09-29T21:05:26+00:00,rerank,train,v1,725,0.00003045,0.03421851
2026-09-29T21:05:26+00:00,rerank,train,v1,720,0.00003024,0.03424875
2026-09-29T21:05:26+00:00,rerank,train,v1,882,0.00003704,0.03428579
2026-09-29T21:05:26+00:00,rerank,train,v1,647,0.00002717,0.03431296
2026-09-29T21:05:26+00:00,rerank,train,v1,663,0.00002785,0.03434081
2026-09-29T21:05:26+00:00,rerank,train,v1,748,0.00003142,0.03437223
2026-09-29T21:05:26+00:00,rerank,train,v1,629,0.00002642,0.03439864
2026-09-29T21:05:26+00:00,rerank,train,v1,730,0.00003066,0.03442930
2026-09-29T21:05:26+00:00,rerank,train,v1,766,0.00003217,0.03446148
2026-09-29T21:05:26+00:00,rerank,train,v1,694,0.00002915,0.03449062
2026-09-29T21:05:26+00:00,rerank,train,v1,671,0.00002818,0.03451881
2026-09-29T21:05:26+00:00,rerank,train,v1,550,0.00002310,0.03454191
2026-09-29T21:05:26+00:00,rerank,train,v1,649,0.00002726,0.03456916
2026-09-29T21:05:26+00:00,rerank,train,v1,752,0.00003158,0.03460075
2026-09-29T21:05:26+00:00,rerank,train,v1,706,0.00002965,0.03463040
2026-09-29T21:05:26+00:00,rerank,train,v1,666,0.00002797,0.03465837
2026-09-29T21:05:26+00:00,rerank,train,v1,609,0.00002558,0.03468395
2026-09-29T21:05:26+00:00,rerank,train,v1,621,0.00002608,0.03471003
2026-09-29T21:05:26+00:00,rerank,train,v1,788,0.00003310,0.03474313
2026-09-29T21:05:26+00:00,rerank,train,v1,592,0.00002486,0.03476799
2026-09-29T21:05:26+00:00,rerank,train,v1,825,0.00003465,0.03480264
2026-09-29T21:05:26+00:00,rerank,train,v1,971,0.00004078,0.03484342
2026-09-29T21:05:26+00:00,rerank,train,v1,868,0.00003646,0.03487988
2026-09-29T21:05:26+00:00,rerank,train,v1,900,0.00003780,0.03491768
2026-09-29T21:05:26+00:00,rerank,train,v1,935,0.00003927,0.03495695
2026-09-29T21:05:26+00:00,rerank,train,v1,1213,0.00005095,0.03500790
2026-09-29T21:05:26+00:00,rerank,train,v1,1220,0.00005124,0.03505914
2026-09-29T21:05:26+00:00,rerank,train,v1,1067,0.00004481,0.03510395
2026-09-29T21:05:26+00:00,rerank,train,v1,864,0.00003629,0.03514024
2026-09-29T21:05:26+00:00,rerank,train,v1,854,0.00003587,0.03517611
2026-09-29T21:05:26+00:00,rerank,train,v1,931,0.00003910,0.03521521
2026-09-29T21:05:26+00:00,rerank,train,v1,772,0.00003242,0.03524763
2026-09-29T21:05:26+00:00,rerank,train,v1,940,0.00003948,0.03528711
2026-09-29T21:05:26+00:00,rerank,train,v1,823,0.00003457,0.03532168
2026-09-29T21:05:26+00:00,rerank,train,v1,872,0.00003662,0.03535830
2026-09-29T21:05:26+00:00,rerank,train,v1,906,0.00003805,0.03539635
2026-09-29T21:05:26+00:00,rerank,train,v1,945,0.00003969,0.03543604
2026-09-29T21:05:26+00:00,rerank,train,v1,1012,0.00004250,0.03547855
2026-09-29T21:05:26+00:00,rerank,train,v1,967,0.00004061,0.03551916
2026-09-29T21:05:26+00:00,rerank,train,v1,713,0.00002995,0.03554911
2026-09-29T21:05:26+00:00,rerank,train,v1,809,0.00003398,0.03558309
2026-09-29T21:05:26+00:00,rerank,train,v1,585,0.00002457,0.03560766
2026-09-29T21:05:26+00:00,rerank,train,v1,729,0.00003062,0.03563827
2026-09-29T21:05:26+00:00,rerank,train,v1,727,0.00003053,0.03566881
2026-09-29T21:05:26+00:00,rerank,train,v1,719,0.00003020,0.03569901
2026-09-29T21:05:26+00:00,rerank,train,v1,1034,0.00004343,0.03574243
2026-09-29T21:05:26+00:00,rerank,train,v1,882,0.00003704,0.03577948
2026-09-29T21:05:26+00:00,rerank,train,v1,850,0.00003570,0.03581518
2026-09-29T21:05:26+00:00,rerank,train,v1,562,0.00002360,0.03583878
2026-09-29T21:05:26+00:00,rerank,train,v1,753,0.00003163,0.03587041
2026-09-29T21:05:26+00:00,rerank,train,v1,871,0.00003658,0.03590699
2026-09-29T21:05:26+00:00,rerank,train,v1,616,0.00002587,0.03593286
2026-09-29T21:05:26+00:00,rerank,train,v1,646,0.00002713,0.03595999
2026-09-29T21:05:26+00:00,rerank,train,v1,966,0.00004057,0.03600057
2026-09-29T21:05:26+00:00,rerank,train,v1,556,0.00002335,0.03602392
2026-09-29T21:05:26+00:00,rerank,train,v1,749,0.00003146,0.03605538
2026-09-29T21:05:26+00:00,rerank,train,v1,682,0.00002864,0.03608402
2026-09-29T21:05:26+00:00,rerank,train,v1,827,0.00003473,0.03611875
2026-09-29T21:05:26+00:00,rerank,train,v1,729,0.00003062,0.03614937
2026-09-29T21:05:26+00:00,rerank,train,v1,677,0.00002843,0.03617781
2026-09-29T21:05:26+00:00,rerank,train,v1,789,0.00003314,0.03621094
2026-09-29T21:05:26+00:00,rerank,train,v1,720,0.00003024,0.03624118
2026-09-29T21:05:26+00:00,rerank,train,v1,662,0.00002780,0.03626899
2026-09-29T21:05:26+00:00,rerank,train,v1,697,0.00002927,0.03629826
2026-09-29T21:05:26+00:00,rerank,train,v1,615,0.00002583,0.03632409
2026-09-29T21:05:26+00:00,rerank,train,v1,595,0.00002499,0.03634908
2026-09-29T21:05:26+00:00,rerank,train,v1,744,0.00003125,0.03638033
2026-09-29T21:05:26+00:00,rerank,train,v1,635,0.00002667,0.03640700
2026-09-29T21:05:26+00:00,rerank,train,v1,895,0.00003759,0.03644459
2026-09-29T21:05:26+00:00,rerank,train,v1,645,0.00002709,0.03647168
2026-09-29T21:05:26+00:00,rerank,train,v1,577,0.00002423,0.03649591
2026-09-29T21:05:26+00:00,rerank,train,v1,651,0.00002734,0.03652326
2026-09-29T21:05:27+00:00,rerank,train,v1,708,0.00002974,0.03655299
2026-09-29T21:05:27+00:00,rerank,train,v1,883,0.00003709,0.03659008
2026-09-29T21:05:27+00:00,rerank,train,v1,913,0.00003835,0.03662842
2026-09-29T21:05:27+00:00,rerank,train,v1,738,0.00003100,0.03665942
2026-09-29T21:05:27+00:00,rerank,train,v1,650,0.00002730,0.03668672
2026-09-29T21:05:27+00:00,rerank,train,v1,826,0.00003469,0.03672141
2026-09-29T21:05:27+00:00,rerank,train,v1,767,0.00003221,0.03675363
2026-09-29T21:05:27+00:00,rerank,train,v1,684,0.00002873,0.03678235
2026-09-29T21:05:27+00:00,rerank,train,v1,794,0.00003335,0.03681570
2026-09-29T21:05:27+00:00,rerank,train,v1,700,0.00002940,0.03684510
2026-09-29T21:05:27+00:00,rerank,train,v1,647,0.00002717,0.03687228
2026-09-29T21:05:27+00:00,rerank,train,v1,689,0.00002894,0.03690121
2026-09-29T21:05:27+00:00,rerank,train,v1,780,0.00003276,0.03693397
2026-09-29T21:05:27+00:00,rerank,train,v1,827,0.00003473,0.03696871
2026-09-29T21:05:27+00:00,rerank,train,v1,843,0.00003541,0.03700411
2026-09-29T21:05:27+00:00,rerank,train,v1,922,0.00003872,0.03704284
2026-09-29T21:05:27+00:00,rerank,train,v1,688,0.00002890,0.03707173
2026-09-29T21:05:27+00:00,rerank,train,v1,519,0.00002180,0.03709353
2026-09-29T21:05:27+00:00,rerank,train,v1,847,0.00003557,0.03712911
2026-09-29T21:05:27+00:00,rerank,train,v1,712,0.00002990,0.03715901
2026-09-29T21:05:27+00:00,rerank,train,v1,523,0.00002197,0.03718098
2026-09-29T21:05:27+00:00,rerank,train,v1,965,0.00004053,0.03722151
2026-09-29T21:05:27+00:00,rerank,train,v1,822,0.00003452,0.03725603
2026-09-29T21:05:27+00:00,rerank,train,v1,653,0.00002743,0.03728346
2026-09-29T21:05:27+00:00,rerank,train,v1,723,0.00003037,0.03731382
2026-09-29T21:05:27+00:00,rerank,train,v1,992,0.00004166,0.03735549
2026-09-29T21:05:27+00:00,rerank,train,v1,704,0.00002957,0.03738505
2026-09-29T21:05:27+00:00,rerank,train,v1,829,0.00003482,0.03741987
2026-09-29T21:05:27+00:00,rerank,train,v1,715,0.00003003,0.03744990
2026-09-29T21:05:27+00:00,rerank,train,v1,810,0.00003402,0.03748392
2026-09-29T21:05:27+00:00,rerank,train,v1,567,0.00002381,0.03750774
2026-09-29T21:05:27+00:00,rerank,train,v1,919,0.00003860,0.03754633
2026-09-29T21:05:27+00:00,rerank,train,v1,826,0.00003469,0.03758103
2026-09-29T21:05:27+00:00,rerank,train,v1,708,0.00002974,0.03761076
2026-09-29T21:05:27+00:00,rerank,train,v1,822,0.00003452,0.03764529
2026-09-29T21:05:27+00:00,rerank,train,v1,805,0.00003381,0.03767910
2026-09-29T21:05:27+00:00,rerank,train,v1,1088,0.00004570,0.03772479
2026-09-29T21:05:27+00:00,rerank,train,v1,826,0.00003469,0.03775948
2026-09-29T21:05:27+00:00,rerank,train,v1,721,0.00003028,0.03778977
2026-09-29T21:05:27+00:00,rerank,train,v1,803,0.00003373,0.03782349
2026-09-29T21:05:27+00:00,rerank,train,v1,806,0.00003385,0.03785734
2026-09-29T21:05:27+00:00,rerank,train,v1,747,0.00003137,0.03788872
2026-09-29T21:05:27+00:00,rerank,train,v1,580,0.00002436,0.03791308
2026-09-29T21:05:27+00:00,rerank,train,v1,892,0.00003746,0.03795054
2026-09-29T21:05:27+00:00,rerank,train,v1,646,0.00002713,0.03797767
2026-09-29T21:05:27+00:00,rerank,train,v1,837,0.00003515,0.03801283
2026-09-29T21:05:27+00:00,rerank,train,v1,1063,0.00004465,0.03805747
2026-09-29T21:05:27+00:00,rerank,train,v1,742,0.00003116,0.03808864
2026-09-29T21:05:27+00:00,rerank,train,v1,683,0.00002869,0.03811732
2026-09-29T21:05:27+00:00,rerank,train,v1,654,0.00002747,0.03814479
2026-09-29T21:05:27+00:00,rerank,train,v1,676,0.00002839,0.03817318
2026-09-29T21:05:27+00:00,rerank,train,v1,734,0.00003083,0.03820401
2026-09-29T21:05:27+00:00,rerank,train,v1,1121,0.00004708,0.03825109
2026-09-29T21:05:27+00:00,rerank,train,v1,620,0.00002604,0.03827713
2026-09-29T21:05:27+00:00,rerank,train,v1,729,0.00003062,0.03830775
2026-09-29T21:05:27+00:00,rerank,train,v1,669,0.00002810,0.03833585
2026-09-29T21:05:27+00:00,rerank,train,v1,660,0.00002772,0.03836357
2026-09-29T21:05:27+00:00,rerank,train,v1,1223,0.00005137,0.03841494
2026-09-29T21:05:27+00:00,rerank,train,v1,657,0.00002759,0.03844253
2026-09-29T21:05:27+00:00,rerank,train,v1,601,0.00002524,0.03846777
2026-09-29T21:05:27+00:00,rerank,train,v1,754,0.00003167,0.03849944
2026-09-29T21:05:27+00:00,rerank,train,v1,648,0.00002722,0.03852666
2026-09-29T21:05:27+00:00,rerank,train,v1,602,0.00002528,0.03855194
2026-09-29T21:05:27+00:00,rerank,train,v1,868,0.00003646,0.03858840
2026-09-29T21:05:27+00:00,rerank,train,v1,647,0.00002717,0.03861557
2026-09-29T21:05:27+00:00,rerank,train,v1,869,0.00003650,0.03865207
2026-09-29T21:05:27+00:00,rerank,train,v1,801,0.00003364,0.03868571
2026-09-29T21:05:27+00:00,rerank,train,v1,722,0.00003032,0.03871603
2026-09-29T21:05:27+00:00,rerank,train,v1,773,0.00003247,0.03874850
2026-09-29T21:05:27+00:00,rerank,train,v1,717,0.00003011,0.03877861
2026-09-29T21:05:27+00:00,rerank,train,v1,900,0.00003780,0.03881641
2026-09-29T21:05:27+00:00,rerank,train,v1,758,0.00003184,0.03884825
2026-09-29T21:05:27+00:00,rerank,train,v1,1084,0.00004553,0.03889378
2026-09-29T21:05:28+00:00,rerank,train,v1,1084,0.00004553,0.03893931
2026-09-29T21:05:28+00:00,rerank,train,v1,876,0.00003679,0.03897610
2026-09-29T21:05:28+00:00,rerank,train,v1,1158,0.00004864,0.03902473
2026-09-29T21:05:28+00:00,rerank,train,v1,1029,0.00004322,0.03906795
2026-09-29T21:05:28+00:00,rerank,train,v1,1410,0.00005922,0.03912717
2026-09-29T21:05:28+00:00,rerank,train,v1,1124,0.00004721,0.03917438
2026-09-29T21:05:28+00:00,rerank,train,v1,832,0.00003494,0.03920932
2026-09-29T21:05:28+00:00,rerank,train,v1,1104,0.00004637,0.03925569
2026-09-29T21:05:28+00:00,rerank,train,v1,877,0.00003683,0.03929253
2026-09-29T21:05:28+00:00,rerank,train,v1,727,0.00003053,0.03932306
2026-09-29T21:05:28+00:00,rerank,train,v1,1360,0.00005712,0.03938018
2026-09-29T21:05:28+00:00,rerank,train,v1,1411,0.00005926,0.03943944
2026-09-29T21:05:28+00:00,rerank,train,v1,623,0.00002617,0.03946561
2026-09-29T21:05:28+00:00,rerank,train,v1,1191,0.00005002,0.03951563
2026-09-29T21:05:28+00:00,rerank,train,v1,648,0.00002722,0.03954285
2026-09-29T21:05:28+00:00,rerank,train,v1,897,0.00003767,0.03958052
2026-09-29T21:05:28+00:00,rerank,train,v1,897,0.00003767,0.03961819
2026-09-29T21:05:28+00:00,rerank,train,v1,833,0.00003499,0.03965318
2026-09-29T21:05:28+00:00,rerank,train,v1,760,0.00003192,0.03968510
2026-09-29T21:05:28+00:00,rerank,train,v1,851,0.00003574,0.03972084
2026-09-29T21:05:28+00:00,rerank,train,v1,756,0.00003175,0.03975259
2026-09-29T21:05:28+00:00,rerank,train,v1,807,0.00003389,0.03978649
2026-09-29T21:05:28+00:00,rerank,train,v1,782,0.00003284,0.03981933
2026-09-29T21:05:28+00:00,rerank,train,v1,605,0.00002541,0.03984474
2026-09-29T21:05:28+00:00,rerank,train,v1,672,0.00002822,0.03987297
2026-09-29T21:05:28+00:00,rerank,train,v1,717,0.00003011,0.03990308
2026-09-29T21:05:28+00:00,rerank,train,v1,654,0.00002747,0.03993055
2026-09-29T21:05:28+00:00,rerank,train,v1,888,0.00003730,0.03996784
2026-09-29T21:05:28+00:00,rerank,train,v1,654,0.00002747,0.03999531
2026-09-29T21:05:28+00:00,rerank,train,v1,802,0.00003368,0.04002900
2026-09-29T21:05:28+00:00,rerank,train,v1,911,0.00003826,0.04006726
2026-09-29T21:05:28+00:00,rerank,train,v1,841,0.00003532,0.04010258
2026-09-29T21:05:28+00:00,rerank,train,v1,856,0.00003595,0.04013853
2026-09-29T21:05:28+00:00,rerank,train,v1,792,0.00003326,0.04017180
2026-09-29T21:05:28+00:00,rerank,train,v1,798,0.00003352,0.04020531
2026-09-29T21:05:28+00:00,rerank,train,v1,651,0.00002734,0.04023265
2026-09-29T21:05:28+00:00,rerank,train,v1,809,0.00003398,0.04026663
2026-09-29T21:05:28+00:00,rerank,train,v1,876,0.00003679,0.04030342
2026-09-29T21:05:28+00:00,rerank,train,v1,624,0.00002621,0.04032963
2026-09-29T21:05:28+00:00,rerank,train,v1,968,0.00004066,0.04037029
2026-09-29T21:05:28+00:00,rerank,train,v1,769,0.00003230,0.04040259
2026-09-29T21:05:28+00:00,rerank,train,v1,763,0.00003205,0.04043463
2026-09-29T21:05:28+00:00,rerank,train,v1,715,0.00003003,0.04046466
2026-09-29T21:05:28+00:00,rerank,train,v1,766,0.00003217,0.04049683
2026-09-29T21:05:28+00:00,rerank,train,v1,682,0.00002864,0.04052548
2026-09-29T21:05:28+00:00,rerank,train,v1,639,0.00002684,0.04055232
2026-09-29T21:05:28+00:00,rerank,train,v1,832,0.00003494,0.04058726
2026-09-29T21:05:28+00:00,rerank,train,v1,757,0.00003179,0.04061905
2026-09-29T21:05:28+00:00,rerank,train,v1,874,0.00003671,0.04065576
2026-09-29T21:05:28+00:00,rerank,train,v1,747,0.00003137,0.04068714
2026-09-29T21:05:28+00:00,rerank,train,v1,949,0.00003986,0.04072699
2026-09-29T21:05:28+00:00,rerank,train,v1,834,0.00003503,0.04076202
2026-09-29T21:05:28+00:00,rerank,train,v1,722,0.00003032,0.04079235
2026-09-29T21:05:28+00:00,rerank,train,v1,835,0.00003507,0.04082742
2026-09-29T21:05:28+00:00,rerank,train,v1,661,0.00002776,0.04085518
2026-09-29T21:05:28+00:00,rerank,train,v1,940,0.00003948,0.04089466
2026-09-29T21:05:28+00:00,rerank,train,v1,874,0.00003671,0.04093137
2026-09-29T21:05:28+00:00,rerank,train,v1,849,0.00003566,0.04096702
2026-09-29T21:05:28+00:00,rerank,train,v1,814,0.00003419,0.04100121
2026-09-29T21:05:28+00:00,rerank,train,v1,829,0.00003482,0.04103603
2026-09-29T21:05:28+00:00,rerank,train,v1,968,0.00004066,0.04107669
2026-09-29T21:05:28+00:00,rerank,train,v1,680,0.00002856,0.04110525
2026-09-29T21:05:28+00:00,rerank,train,v1,750,0.00003150,0.04113675
2026-09-29T21:05:28+00:00,rerank,train,v1,955,0.00004011,0.04117686
2026-09-29T21:05:28+00:00,rerank,train,v1,824,0.00003461,0.04121146
2026-09-29T21:05:28+00:00,rerank,train,v1,604,0.00002537,0.04123683
2026-09-29T21:05:28+00:00,rerank,train,v1,645,0.00002709,0.04126392
2026-09-29T21:05:28+00:00,rerank,train,v1,799,0.00003356,0.04129748
2026-09-29T21:05:28+00:00,rerank,train,v1,759,0.00003188,0.04132936
2026-09-29T21:05:28+00:00,rerank,train,v1,833,0.00003499,0.04136434
2026-09-29T21:05:28+00:00,rerank,train,v1,739,0.00003104,0.04139538
2026-09-29T21:05:28+00:00,rerank,train,v1,842,0.00003536,0.04143075
2026-09-29T21:05:28+00:00,rerank,train,v1,1410,0.00005922,0.04148997
2026-09-29T21:05:28+00:00,rerank,train,v1,888,0.00003730,0.04152726
2026-09-29T21:05:28+00:00,rerank,train,v1,711,0.00002986,0.04155712
2026-09-29T21:05:29+00:00,rerank,train,v1,784,0.00003293,0.04159005
2026-09-29T21:05:29+00:00,rerank,train,v1,700,0.00002940,0.04161945
2026-09-29T21:05:29+00:00,rerank,train,v1,667,0.00002801,0.04164747
2026-09-29T21:05:29+00:00,rerank,train,v1,767,0.00003221,0.04167968
2026-09-29T21:05:29+00:00,rerank,train,v1,699,0.00002936,0.04170904
2026-09-29T21:05:29+00:00,rerank,train,v1,797,0.00003347,0.04174251
2026-09-29T21:05:29+00:00,rerank,train,v1,962,0.00004040,0.04178292
2026-09-29T21:05:29+00:00,rerank,train,v1,790,0.00003318,0.04181610
2026-09-29T21:05:29+00:00,rerank,train,v1,885,0.00003717,0.04185327
2026-09-29T21:05:29+00:00,rerank,train,v1,711,0.00002986,0.04188313
2026-09-29T21:05:29+00:00,rerank,train,v1,727,0.00003053,0.04191366
2026-09-29T21:05:29+00:00,rerank,train,v1,724,0.00003041,0.04194407
2026-09-29T21:05:29+00:00,rerank,train,v1,744,0.00003125,0.04197532
2026-09-29T21:05:29+00:00,rerank,train,v1,849,0.00003566,0.04201098
2026-09-29T21:05:29+00:00,rerank,train,v1,786,0.00003301,0.04204399
2026-09-29T21:05:29+00:00,rerank,train,v1,738,0.00003100,0.04207498
2026-09-29T21:05:29+00:00,rerank,train,v1,546,0.00002293,0.04209792
2026-09-29T21:05:29+00:00,rerank,train,v1,722,0.00003032,0.04212824
2026-09-29T21:05:29+00:00,rerank,train,v1,636,0.00002671,0.04215495
2026-09-29T21:05:29+00:00,rerank,train,v1,700,0.00002940,0.04218435
2026-09-29T21:05:29+00:00,rerank,train,v1,726,0.00003049,0.04221484
2026-09-29T21:05:29+00:00,rerank,train,v1,823,0.00003457,0.04224941
2026-09-29T21:05:29+00:00,rerank,train,v1,672,0.00002822,0.04227763
2026-09-29T21:05:29+00:00,rerank,train,v1,651,0.00002734,0.04230498
2026-09-29T21:05:29+00:00,rerank,train,v1,579,0.00002432,0.04232929
2026-09-29T21:05:29+00:00,rerank,train,v1,608,0.00002554,0.04235483
2026-09-29T21:05:29+00:00,rerank,train,v1,845,0.00003549,0.04239032
2026-09-29T21:05:29+00:00,rerank,train,v1,599,0.00002516,0.04241548
2026-09-29T21:05:29+00:00,rerank,train,v1,587,0.00002465,0.04244013
2026-09-29T21:05:29+00:00,rerank,train,v1,577,0.00002423,0.04246437
2026-09-29T21:05:29+00:00,rerank,train,v1,781,0.00003280,0.04249717
2026-09-29T21:05:29+00:00,rerank,train,v1,728,0.00003058,0.04252774
2026-09-29T21:05:29+00:00,rerank,train,v1,639,0.00002684,0.04255458
2026-09-29T21:05:29+00:00,rerank,train,v1,832,0.00003494,0.04258953
2026-09-29T21:05:29+00:00,rerank,train,v1,814,0.00003419,0.04262371
2026-09-29T21:05:29+00:00,rerank,train,v1,690,0.00002898,0.04265269
2026-09-29T21:05:29+00:00,rerank,train,v1,740,0.00003108,0.04268377
2026-09-29T21:05:29+00:00,rerank,train,v1,721,0.00003028,0.04271406
2026-09-29T21:05:29+00:00,rerank,train,v1,634,0.00002663,0.04274068
2026-09-29T21:05:29+00:00,rerank,train,v1,832,0.00003494,0.04277563
2026-09-29T21:05:29+00:00,rerank,train,v1,696,0.00002923,0.04280486
2026-09-29T21:05:29+00:00,rerank,train,v1,947,0.00003977,0.04284463
2026-09-29T21:05:29+00:00,rerank,train,v1,570,0.00002394,0.04286857
2026-09-29T21:05:29+00:00,rerank,train,v1,640,0.00002688,0.04289545
2026-09-29T21:05:29+00:00,rerank,train,v1,604,0.00002537,0.04292082
2026-09-29T21:05:29+00:00,rerank,train,v1,733,0.00003079,0.04295161
2026-09-29T21:05:29+00:00,rerank,train,v1,924,0.00003881,0.04299042
2026-09-29T21:05:29+00:00,rerank,train,v1,851,0.00003574,0.04302616
2026-09-29T21:05:29+00:00,rerank,train,v1,641,0.00002692,0.04305308
2026-09-29T21:05:29+00:00,rerank,train,v1,756,0.00003175,0.04308483
2026-09-29T21:05:29+00:00,rerank,train,v1,620,0.00002604,0.04311087
2026-09-29T21:05:29+00:00,rerank,train,v1,1005,0.00004221,0.04315308
2026-09-29T21:05:29+00:00,rerank,train,v1,817,0.00003431,0.04318740
2026-09-29T21:05:29+00:00,rerank,train,v1,652,0.00002738,0.04321478
2026-09-29T21:05:29+00:00,rerank,train,v1,865,0.00003633,0.04325111
2026-09-29T21:05:29+00:00,rerank,train,v1,669,0.00002810,0.04327921
2026-09-29T21:05:29+00:00,rerank,train,v1,783,0.00003289,0.04331209
2026-09-29T21:05:29+00:00,rerank,train,v1,954,0.00004007,0.04335216
2026-09-29T21:05:29+00:00,rerank,train,v1,716,0.00003007,0.04338223
2026-09-29T21:05:29+00:00,rerank,train,v1,724,0.00003041,0.04341264
2026-09-29T21:05:29+00:00,rerank,train,v1,741,0.00003112,0.04344376
2026-09-29T21:05:29+00:00,rerank,train,v1,692,0.00002906,0.04347283
2026-09-29T21:05:29+00:00,rerank,train,v1,626,0.00002629,0.04349912
2026-09-29T21:05:29+00:00,rerank,train,v1,650,0.00002730,0.04352642
2026-09-29T21:05:29+00:00,rerank,train,v1,769,0.00003230,0.04355872
2026-09-29T21:05:29+00:00,rerank,train,v1,717,0.00003011,0.04358883
2026-09-29T21:05:29+00:00,rerank,train,v1,683,0.00002869,0.04361752
2026-09-29T21:05:29+00:00,rerank,train,v1,833,0.00003499,0.04365250
2026-09-29T21:05:29+00:00,rerank,train,v1,785,0.00003297,0.04368547
2026-09-29T21:05:29+00:00,rerank,train,v1,881,0.00003700,0.04372248
2026-09-29T21:05:29+00:00,rerank,train,v1,827,0.00003473,0.04375721
2026-09-29T21:05:29+00:00,rerank,train,v1,823,0.00003457,0.04379178
2026-09-29T21:05:29+00:00,rerank,train,v1,728,0.00003058,0.04382235
2026-09-29T21:05:29+00:00,rerank,train,v1,816,0.00003427,0.04385662
2026-09-29T21:05:29+00:00,rerank,train,v1,636,0.00002671,0.04388334
2026-09-29T21:05:30+00:00,rerank,train,v1,942,0.00003956,0.04392290
2026-09-29T21:05:30+00:00,rerank,train,v1,919,0.00003860,0.04396150
2026-09-29T21:05:30+00:00,rerank,train,v1,846,0.00003553,0.04399703
2026-09-29T21:05:30+00:00,rerank,train,v1,615,0.00002583,0.04402286
2026-09-29T21:05:30+00:00,rerank,train,v1,599,0.00002516,0.04404802
2026-09-29T21:05:30+00:00,rerank,train,v1,860,0.00003612,0.04408414
2026-09-29T21:05:30+00:00,rerank,train,v1,751,0.00003154,0.04411568
2026-09-29T21:05:30+00:00,rerank,train,v1,812,0.00003410,0.04414978
2026-09-29T21:05:30+00:00,rerank,train,v1,818,0.00003436,0.04418414
2026-09-29T21:05:30+00:00,rerank,train,v1,1000,0.00004200,0.04422614
2026-09-29T21:05:30+00:00,rerank,train,v1,647,0.00002717,0.04425331
2026-09-29T21:05:30+00:00,rerank,train,v1,711,0.00002986,0.04428318
2026-09-29T21:05:30+00:00,rerank,train,v1,949,0.00003986,0.04432303
2026-09-29T21:05:30+00:00,rerank,train,v1,778,0.00003268,0.04435571
2026-09-29T21:05:30+00:00,rerank,train,v1,664,0.00002789,0.04438360
2026-09-29T21:05:30+00:00,rerank,train,v1,719,0.00003020,0.04441380
2026-09-29T21:05:30+00:00,rerank,train,v1,687,0.00002885,0.04444265
2026-09-29T21:05:30+00:00,rerank,train,v1,811,0.00003406,0.04447671
2026-09-29T21:05:30+00:00,rerank,train,v1,881,0.00003700,0.04451371
2026-09-29T21:05:30+00:00,rerank,train,v1,621,0.00002608,0.04453980
2026-09-29T21:05:30+00:00,rerank,train,v1,678,0.00002848,0.04456827
2026-09-29T21:05:30+00:00,rerank,train,v1,764,0.00003209,0.04460036
2026-09-29T21:05:30+00:00,rerank,train,v1,712,0.00002990,0.04463026
2026-09-29T21:05:30+00:00,rerank,train,v1,662,0.00002780,0.04465807
2026-09-29T21:05:30+00:00,rerank,train,v1,876,0.00003679,0.04469486
2026-09-29T21:05:30+00:00,rerank,train,v1,653,0.00002743,0.04472229
2026-09-29T21:05:30+00:00,rerank,train,v1,728,0.00003058,0.04475286
2026-09-29T21:05:30+00:00,rerank,train,v1,780,0.00003276,0.04478562
2026-09-29T21:05:30+00:00,rerank,train,v1,1110,0.00004662,0.04483224
2026-09-29T21:05:30+00:00,rerank,train,v1,739,0.00003104,0.04486328
2026-09-29T21:05:30+00:00,rerank,train,v1,762,0.00003200,0.04489528
2026-09-29T21:05:30+00:00,rerank,train,v1,832,0.00003494,0.04493023
2026-09-29T21:05:30+00:00,rerank,train,v1,998,0.00004192,0.04497214
2026-09-29T21:05:30+00:00,rerank,train,v1,892,0.00003746,0.04500961
2026-09-29T21:05:30+00:00,rerank,train,v1,574,0.00002411,0.04503372
2026-09-29T21:05:30+00:00,rerank,train,v1,705,0.00002961,0.04506333
2026-09-29T21:05:30+00:00,rerank,train,v1,627,0.00002633,0.04508966
2026-09-29T21:05:30+00:00,rerank,train,v1,629,0.00002642,0.04511608
2026-09-29T21:05:30+00:00,rerank,train,v1,965,0.00004053,0.04515661
2026-09-29T21:05:30+00:00,rerank,train,v1,744,0.00003125,0.04518786
2026-09-29T21:05:30+00:00,rerank,train,v1,787,0.00003305,0.04522091
2026-09-29T21:05:30+00:00,rerank,train,v1,977,0.00004103,0.04526194
2026-09-29T21:05:30+00:00,rerank,train,v1,1115,0.00004683,0.04530877
2026-09-29T21:05:30+00:00,rerank,train,v1,968,0.00004066,0.04534943
2026-09-29T21:05:30+00:00,rerank,train,v1,1148,0.00004822,0.04539765
2026-09-29T21:05:30+00:00,rerank,train,v1,762,0.00003200,0.04542965
2026-09-29T21:05:30+00:00,rerank,train,v1,657,0.00002759,0.04545724
2026-09-29T21:05:30+00:00,rerank,train,v1,851,0.00003574,0.04549299
2026-09-29T21:05:30+00:00,rerank,train,v1,579,0.00002432,0.04551730
2026-09-29T21:05:30+00:00,rerank,train,v1,637,0.00002675,0.04554406
2026-09-29T21:05:30+00:00,rerank,train,v1,743,0.00003121,0.04557526
2026-09-29T21:05:30+00:00,rerank,train,v1,667,0.00002801,0.04560328
2026-09-29T21:05:30+00:00,rerank,train,v1,917,0.00003851,0.04564179
2026-09-29T21:05:30+00:00,rerank,train,v1,813,0.00003415,0.04567594
2026-09-29T21:05:30+00:00,rerank,train,v1,951,0.00003994,0.04571588
2026-09-29T21:05:30+00:00,rerank,train,v1,531,0.00002230,0.04573818
2026-09-29T21:05:30+00:00,rerank,train,v1,694,0.00002915,0.04576733
2026-09-29T21:05:30+00:00,rerank,train,v1,619,0.00002600,0.04579333
2026-09-29T21:05:30+00:00,rerank,train,v1,833,0.00003499,0.04582831
2026-09-29T21:05:30+00:00,rerank,train,v1,614,0.00002579,0.04585410
2026-09-29T21:05:30+00:00,rerank,train,v1,733,0.00003079,0.04588489
2026-09-29T21:05:30+00:00,rerank,train,v1,663,0.00002785,0.04591273
2026-09-29T21:05:30+00:00,rerank,train,v1,728,0.00003058,0.04594331
2026-09-29T21:05:30+00:00,rerank,train,v1,707,0.00002969,0.04597300
2026-09-29T21:05:30+00:00,rerank,train,v1,661,0.00002776,0.04600077
2026-09-29T21:05:30+00:00,rerank,train,v1,687,0.00002885,0.04602962
2026-09-29T21:05:30+00:00,rerank,train,v1,683,0.00002869,0.04605831
2026-09-29T21:05:30+00:00,rerank,train,v1,671,0.00002818,0.04608649
2026-09-29T21:05:30+00:00,rerank,train,v1,686,0.00002881,0.04611530
2026-09-29T21:05:30+00:00,rerank,train,v1,661,0.00002776,0.04614306
2026-09-29T21:05:31+00:00,rerank,train,v1,680,0.00002856,0.04617162
2026-09-29T21:05:31+00:00,rerank,train,v1,632,0.00002654,0.04619817
2026-09-29T21:05:31+00:00,rerank,train,v1,797,0.00003347,0.04623164
2026-09-29T21:05:31+00:00,rerank,train,v1,662,0.00002780,0.04625944
2026-09-29T21:05:31+00:00,rerank,train,v1,596,0.00002503,0.04628448
2026-09-29T21:05:31+00:00,rerank,train,v1,782,0.00003284,0.04631732
2026-09-29T21:05:31+00:00,rerank,train,v1,868,0.00003646,0.04635378
2026-09-29T21:05:31+00:00,rerank,train,v1,710,0.00002982,0.04638360
2026-09-29T21:05:31+00:00,rerank,train,v1,674,0.00002831,0.04641190
2026-09-29T21:05:31+00:00,rerank,train,v1,904,0.00003797,0.04644987
2026-09-29T21:05:31+00:00,rerank,train,v1,572,0.00002402,0.04647390
2026-09-29T21:05:31+00:00,rerank,train,v1,698,0.00002932,0.04650321
2026-09-29T21:05:31+00:00,rerank,train,v1,635,0.00002667,0.04652988
2026-09-29T21:05:31+00:00,rerank,train,v1,562,0.00002360,0.04655349
2026-09-29T21:05:31+00:00,rerank,train,v1,781,0.00003280,0.04658629
2026-09-29T21:05:31+00:00,rerank,train,v1,757,0.00003179,0.04661808
2026-09-29T21:05:31+00:00,rerank,train,v1,588,0.00002470,0.04664278
2026-09-29T21:05:31+00:00,rerank,train,v1,514,0.00002159,0.04666437
2026-09-29T21:05:31+00:00,rerank,train,v1,956,0.00004015,0.04670452
2026-09-29T21:05:31+00:00,rerank,train,v1,894,0.00003755,0.04674207
2026-09-29T21:05:31+00:00,rerank,train,v1,800,0.00003360,0.04677567
2026-09-29T21:05:31+00:00,rerank,train,v1,795,0.00003339,0.04680906
2026-09-29T21:05:31+00:00,rerank,train,v1,551,0.00002314,0.04683220
2026-09-29T21:05:31+00:00,rerank,train,v1,696,0.00002923,0.04686143
2026-09-29T21:05:31+00:00,rerank,train,v1,705,0.00002961,0.04689104
2026-09-29T21:05:31+00:00,rerank,train,v1,702,0.00002948,0.04692052
2026-09-29T21:05:31+00:00,rerank,train,v1,797,0.00003347,0.04695400
2026-09-29T21:05:31+00:00,rerank,train,v1,589,0.00002474,0.04697874
2026-09-29T21:05:31+00:00,rerank,train,v1,733,0.00003079,0.04700952
2026-09-29T21:05:31+00:00,rerank,train,v1,901,0.00003784,0.04704736
2026-09-29T21:05:31+00:00,rerank,train,v1,571,0.00002398,0.04707135
2026-09-29T21:05:31+00:00,rerank,train,v1,928,0.00003898,0.04711032
2026-09-29T21:05:31+00:00,rerank,train,v1,817,0.00003431,0.04714464
2026-09-29T21:05:31+00:00,rerank,train,v1,529,0.00002222,0.04716685
2026-09-29T21:05:31+00:00,rerank,train,v1,815,0.00003423,0.04720108
2026-09-29T21:05:31+00:00,rerank,train,v1,1136,0.00004771,0.04724880
2026-09-29T21:05:31+00:00,rerank,train,v1,984,0.00004133,0.04729012
2026-09-29T21:05:31+00:00,rerank,train,v1,625,0.00002625,0.04731637
2026-09-29T21:05:31+00:00,rerank,train,v1,813,0.00003415,0.04735052
2026-09-29T21:05:31+00:00,rerank,train,v1,630,0.00002646,0.04737698
2026-09-29T21:05:31+00:00,rerank,train,v1,948,0.00003982,0.04741680
2026-09-29T21:05:31+00:00,rerank,train,v1,609,0.00002558,0.04744237
2026-09-29T21:05:31+00:00,rerank,train,v1,1020,0.00004284,0.04748521
2026-09-29T21:05:31+00:00,rerank,train,v1,723,0.00003037,0.04751558
2026-09-29T21:05:31+00:00,rerank,train,v1,1410,0.00005922,0.04757480
2026-09-29T21:05:31+00:00,rerank,train,v1,805,0.00003381,0.04760861
2026-09-29T21:05:31+00:00,rerank,train,v1,653,0.00002743,0.04763604
2026-09-29T21:05:31+00:00,rerank,train,v1,1365,0.00005733,0.04769337
2026-09-29T21:05:31+00:00,rerank,train,v1,558,0.00002344,0.04771680
2026-09-29T21:05:31+00:00,rerank,train,v1,574,0.00002411,0.04774091
2026-09-29T21:05:31+00:00,rerank,train,v1,824,0.00003461,0.04777552
2026-09-29T21:05:31+00:00,rerank,train,v1,867,0.00003641,0.04781193
2026-09-29T21:05:31+00:00,rerank,train,v1,1017,0.00004271,0.04785465
2026-09-29T21:05:31+00:00,rerank,train,v1,828,0.00003478,0.04788942
2026-09-29T21:05:31+00:00,rerank,train,v1,738,0.00003100,0.04792042
2026-09-29T21:05:31+00:00,rerank,train,v1,628,0.00002638,0.04794679
2026-09-29T21:05:31+00:00,rerank,train,v1,554,0.00002327,0.04797006
2026-09-29T21:05:31+00:00,rerank,train,v1,724,0.00003041,0.04800047
2026-09-29T21:05:31+00:00,rerank,train,v1,911,0.00003826,0.04803873
2026-09-29T21:05:31+00:00,rerank,train,v1,887,0.00003725,0.04807599
2026-09-29T21:05:31+00:00,rerank,train,v1,789,0.00003314,0.04810912
2026-09-29T21:05:31+00:00,rerank,train,v1,641,0.00002692,0.04813605
2026-09-29T21:05:31+00:00,rerank,train,v1,705,0.00002961,0.04816566
2026-09-29T21:05:31+00:00,rerank,train,v1,835,0.00003507,0.04820073
2026-09-29T21:05:31+00:00,rerank,train,v1,701,0.00002944,0.04823017
2026-09-29T21:05:31+00:00,rerank,train,v1,686,0.00002881,0.04825898
2026-09-29T21:05:31+00:00,rerank,train,v1,1119,0.00004700,0.04830598
2026-09-29T21:05:31+00:00,rerank,train,v1,1199,0.00005036,0.04835634
2026-09-29T21:05:31+00:00,rerank,train,v1,886,0.00003721,0.04839355
2026-09-29T21:05:31+00:00,rerank,train,v1,555,0.00002331,0.04841686
2026-09-29T21:05:32+00:00,rerank,train,v1,884,0.00003713,0.04845399
2026-09-29T21:05:32+00:00,rerank,train,v1,936,0.00003931,0.04849330
2026-09-29T21:05:32+00:00,rerank,train,v1,749,0.00003146,0.04852476
2026-09-29T21:05:32+00:00,rerank,train,v1,828,0.00003478,0.04855953
2026-09-29T21:05:32+00:00,rerank,train,v1,975,0.00004095,0.04860048
2026-09-29T21:05:32+00:00,rerank,train,v1,779,0.00003272,0.04863320
2026-09-29T21:05:32+00:00,rerank,train,v1,830,0.00003486,0.04866806
2026-09-29T21:05:32+00:00,rerank,train,v1,844,0.00003545,0.04870351
2026-09-29T21:05:32+00:00,rerank,train,v1,926,0.00003889,0.04874240
2026-09-29T21:05:32+00:00,rerank,train,v1,978,0.00004108,0.04878348
2026-09-29T21:05:32+00:00,rerank,train,v1,823,0.00003457,0.04881804
2026-09-29T21:05:32+00:00,rerank,train,v1,739,0.00003104,0.04884908
2026-09-29T21:05:32+00:00,rerank,train,v1,781,0.00003280,0.04888188
2026-09-29T21:05:32+00:00,rerank,train,v1,952,0.00003998,0.04892187
2026-09-29T21:05:32+00:00,rerank,train,v1,892,0.00003746,0.04895933
2026-09-29T21:05:32+00:00,rerank,train,v1,601,0.00002524,0.04898457
2026-09-29T21:05:32+00:00,rerank,train,v1,771,0.00003238,0.04901695
2026-09-29T21:05:32+00:00,rerank,train,v1,1406,0.00005905,0.04907601
2026-09-29T21:05:32+00:00,rerank,train,v1,656,0.00002755,0.04910356
2026-09-29T21:05:32+00:00,rerank,train,v1,700,0.00002940,0.04913296
2026-09-29T21:05:32+00:00,rerank,train,v1,547,0.00002297,0.04915593
2026-09-29T21:05:32+00:00,rerank,train,v1,690,0.00002898,0.04918491
2026-09-29T21:05:32+00:00,rerank,train,v1,980,0.00004116,0.04922607
2026-09-29T21:05:32+00:00,rerank,train,v1,555,0.00002331,0.04924938
2026-09-29T21:05:32+00:00,rerank,train,v1,735,0.00003087,0.04928025
2026-09-29T21:05:32+00:00,rerank,train,v1,616,0.00002587,0.04930612
2026-09-29T21:05:32+00:00,rerank,train,v1,783,0.00003289,0.04933901
2026-09-29T21:05:32+00:00,rerank,train,v1,820,0.00003444,0.04937345
2026-09-29T21:05:32+00:00,rerank,train,v1,829,0.00003482,0.04940827
2026-09-29T21:05:32+00:00,rerank,train,v1,793,0.00003331,0.04944157
2026-09-29T21:05:32+00:00,rerank,train,v1,603,0.00002533,0.04946690
2026-09-29T21:05:32+00:00,rerank,train,v1,560,0.00002352,0.04949042
2026-09-29T21:05:32+00:00,rerank,train,v1,741,0.00003112,0.04952154
2026-09-29T21:05:32+00:00,rerank,train,v1,906,0.00003805,0.04955959
2026-09-29T21:05:32+00:00,rerank,train,v1,866,0.00003637,0.04959597
2026-09-29T21:05:32+00:00,rerank,train,v1,720,0.00003024,0.04962621
2026-09-29T21:05:32+00:00,rerank,train,v1,830,0.00003486,0.04966107
2026-09-29T21:05:32+00:00,rerank,train,v1,695,0.00002919,0.04969026
2026-09-29T21:05:32+00:00,rerank,train,v1,810,0.00003402,0.04972428
2026-09-29T21:05:32+00:00,rerank,train,v1,688,0.00002890,0.04975317
2026-09-29T21:05:32+00:00,rerank,train,v1,665,0.00002793,0.04978110
2026-09-29T21:05:32+00:00,rerank,train,v1,712,0.00002990,0.04981101
2026-09-29T21:05:32+00:00,rerank,train,v1,699,0.00002936,0.04984036
2026-09-29T21:05:32+00:00,rerank,train,v1,850,0.00003570,0.04987606
2026-09-29T21:05:32+00:00,rerank,train,v1,808,0.00003394,0.04991000
2026-09-29T21:05:32+00:00,rerank,train,v1,867,0.00003641,0.04994641
2026-09-29T21:05:32+00:00,rerank,train,v1,789,0.00003314,0.04997955
2026-09-29T21:05:32+00:00,rerank,train,v1,825,0.00003465,0.05001420
2026-09-29T21:05:32+00:00,rerank,train,v1,694,0.00002915,0.05004335
2026-09-29T21:05:32+00:00,rerank,train,v1,746,0.00003133,0.05007468
2026-09-29T21:05:32+00:00,rerank,train,v1,904,0.00003797,0.05011265
2026-09-29T21:05:32+00:00,rerank,train,v1,763,0.00003205,0.05014470
2026-09-29T21:05:32+00:00,rerank,train,v1,690,0.00002898,0.05017368
2026-09-29T21:05:32+00:00,rerank,train,v1,713,0.00002995,0.05020362
2026-09-29T21:05:32+00:00,rerank,train,v1,625,0.00002625,0.05022987
2026-09-29T21:05:32+00:00,rerank,train,v1,672,0.00002822,0.05025810
2026-09-29T21:05:32+00:00,rerank,train,v1,651,0.00002734,0.05028544
2026-09-29T21:05:32+00:00,rerank,train,v1,681,0.00002860,0.05031404
2026-09-29T21:05:33+00:00,rerank,train,v1,624,0.00002621,0.05034025
2026-09-29T21:05:33+00:00,rerank,train,v1,771,0.00003238,0.05037263
2026-09-29T21:05:33+00:00,rerank,train,v1,1011,0.00004246,0.05041509
2026-09-29T21:05:33+00:00,rerank,train,v1,812,0.00003410,0.05044920
2026-09-29T21:05:33+00:00,rerank,train,v1,667,0.00002801,0.05047721
2026-09-29T21:05:33+00:00,rerank,train,v1,605,0.00002541,0.05050262
2026-09-29T21:05:33+00:00,rerank,train,v1,780,0.00003276,0.05053538
2026-09-29T21:05:33+00:00,rerank,train,v1,884,0.00003713,0.05057251
2026-09-29T21:05:33+00:00,rerank,train,v1,643,0.00002701,0.05059951
2026-09-29T21:05:33+00:00,rerank,train,v1,973,0.00004087,0.05064038
2026-09-29T21:05:33+00:00,rerank,train,v1,630,0.00002646,0.05066684
2026-09-29T21:05:33+00:00,rerank,train,v1,807,0.00003389,0.05070073
2026-09-29T21:05:33+00:00,rerank,train,v1,711,0.00002986,0.05073060
2026-09-29T21:05:33+00:00,rerank,train,v1,737,0.00003095,0.05076155
2026-09-29T21:05:33+00:00,rerank,train,v1,819,0.00003440,0.05079595
2026-09-29T21:05:33+00:00,rerank,train,v1,831,0.00003490,0.05083085
2026-09-29T21:05:33+00:00,rerank,train,v1,916,0.00003847,0.05086932
2026-09-29T21:05:33+00:00,rerank,train,v1,676,0.00002839,0.05089771
2026-09-29T21:05:33+00:00,rerank,train,v1,905,0.00003801,0.05093572
2026-09-29T21:05:33+00:00,rerank,train,v1,715,0.00003003,0.05096575
2026-09-29T21:05:33+00:00,rerank,train,v1,550,0.00002310,0.05098885
2026-09-29T21:05:33+00:00,rerank,train,v1,964,0.00004049,0.05102934
2026-09-29T21:05:33+00:00,rerank,train,v1,803,0.00003373,0.05106307
2026-09-29T21:05:33+00:00,rerank,train,v1,582,0.00002444,0.05108751
2026-09-29T21:05:33+00:00,rerank,train,v1,616,0.00002587,0.05111338
2026-09-29T21:05:33+00:00,rerank,train,v1,554,0.00002327,0.05113665
2026-09-29T21:05:33+00:00,rerank,train,v1,647,0.00002717,0.05116383
2026-09-29T21:05:33+00:00,rerank,train,v1,800,0.00003360,0.05119743
2026-09-29T21:05:33+00:00,rerank,train,v1,821,0.00003448,0.05123191
2026-09-29T21:05:33+00:00,rerank,train,v1,625,0.00002625,0.05125816
2026-09-29T21:05:33+00:00,rerank,train,v1,746,0.00003133,0.05128949
2026-09-29T21:05:33+00:00,rerank,train,v1,723,0.00003037,0.05131986
2026-09-29T21:05:33+00:00,rerank,train,v1,775,0.00003255,0.05135241
2026-09-29T21:05:33+00:00,rerank,train,v1,633,0.00002659,0.05137899
2026-09-29T21:05:33+00:00,rerank,train,v1,652,0.00002738,0.05140638
2026-09-29T21:05:33+00:00,rerank,train,v1,652,0.00002738,0.05143376
2026-09-29T21:05:33+00:00,rerank,train,v1,665,0.00002793,0.05146169
2026-09-29T21:05:33+00:00,rerank,train,v1,857,0.00003599,0.05149768
2026-09-29T21:05:33+00:00,rerank,train,v1,911,0.00003826,0.05153595
2026-09-29T21:05:33+00:00,rerank,train,v1,847,0.00003557,0.05157152
2026-09-29T21:05:33+00:00,rerank,train,v1,625,0.00002625,0.05159777
2026-09-29T21:05:33+00:00,rerank,train,v1,767,0.00003221,0.05162998
2026-09-29T21:05:33+00:00,rerank,train,v1,716,0.00003007,0.05166006
2026-09-29T21:05:33+00:00,rerank,train,v1,655,0.00002751,0.05168757
2026-09-29T21:05:33+00:00,rerank,train,v1,612,0.00002570,0.05171327
2026-09-29T21:05:33+00:00,rerank,train,v1,659,0.00002768,0.05174095
2026-09-29T21:05:33+00:00,rerank,train,v1,652,0.00002738,0.05176833
2026-09-29T21:05:33+00:00,rerank,train,v1,721,0.00003028,0.05179861
2026-09-29T21:05:33+00:00,rerank,train,v1,626,0.00002629,0.05182491
2026-09-29T21:05:33+00:00,rerank,train,v1,708,0.00002974,0.05185464
2026-09-29T21:05:33+00:00,rerank,train,v1,886,0.00003721,0.05189185
2026-09-29T21:05:33+00:00,rerank,train,v1,762,0.00003200,0.05192386
2026-09-29T21:05:33+00:00,rerank,train,v1,768,0.00003226,0.05195611
2026-09-29T21:05:33+00:00,rerank,train,v1,633,0.00002659,0.05198270
2026-09-29T21:05:33+00:00,rerank,train,v1,683,0.00002869,0.05201139
2026-09-29T21:05:33+00:00,rerank,train,v1,790,0.00003318,0.05204457
2026-09-29T21:05:33+00:00,rerank,train,v1,643,0.00002701,0.05207157
2026-09-29T21:05:33+00:00,rerank,train,v1,711,0.00002986,0.05210143
2026-09-29T21:05:33+00:00,rerank,train,v1,649,0.00002726,0.05212869
2026-09-29T21:05:33+00:00,rerank,train,v1,789,0.00003314,0.05216183
2026-09-29T21:05:33+00:00,rerank,train,v1,657,0.00002759,0.05218942
2026-09-29T21:05:33+00:00,rerank,train,v1,911,0.00003826,0.05222769
2026-09-29T21:05:33+00:00,rerank,train,v1,616,0.00002587,0.05225356
2026-09-29T21:05:33+00:00,rerank,train,v1,834,0.00003503,0.05228859
2026-09-29T21:05:33+00:00,rerank,train,v1,734,0.00003083,0.05231941
2026-09-29T21:05:33+00:00,rerank,train,v1,800,0.00003360,0.05235301
2026-09-29T21:05:33+00:00,rerank,train,v1,803,0.00003373,0.05238674
2026-09-29T21:05:33+00:00,rerank,train,v1,746,0.00003133,0.05241807
2026-09-29T21:05:33+00:00,rerank,train,v1,686,0.00002881,0.05244688
2026-09-29T21:05:33+00:00,rerank,train,v1,708,0.00002974,0.05247662
2026-09-29T21:05:34+00:00,rerank,train,v1,744,0.00003125,0.05250787
2026-09-29T21:05:34+00:00,rerank,train,v1,652,0.00002738,0.05253525
2026-09-29T21:05:34+00:00,rerank,train,v1,698,0.00002932,0.05256457
2026-09-29T21:05:34+00:00,rerank,train,v1,841,0.00003532,0.05259989
2026-09-29T21:05:34+00:00,rerank,train,v1,685,0.00002877,0.05262866
2026-09-29T21:05:34+00:00,rerank,train,v1,726,0.00003049,0.05265915
2026-09-29T21:05:34+00:00,rerank,train,v1,600,0.00002520,0.05268435
2026-09-29T21:05:34+00:00,rerank,train,v1,802,0.00003368,0.05271804
2026-09-29T21:05:34+00:00,rerank,train,v1,788,0.00003310,0.05275113
2026-09-29T21:05:34+00:00,rerank,train,v1,846,0.00003553,0.05278666
2026-09-29T21:05:34+00:00,rerank,train,v1,607,0.00002549,0.05281216
2026-09-29T21:05:34+00:00,rerank,train,v1,821,0.00003448,0.05284664
2026-09-29T21:05:34+00:00,rerank,train,v1,700,0.00002940,0.05287604
2026-09-29T21:05:34+00:00,rerank,train,v1,888,0.00003730,0.05291334
2026-09-29T21:05:34+00:00,rerank,train,v1,705,0.00002961,0.05294295
2026-09-29T21:05:34+00:00,rerank,train,v1,738,0.00003100,0.05297394
2026-09-29T21:05:34+00:00,rerank,train,v1,820,0.00003444,0.05300838
2026-09-29T21:05:34+00:00,rerank,train,v1,631,0.00002650,0.05303488
2026-09-29T21:05:34+00:00,rerank,train,v1,815,0.00003423,0.05306911
2026-09-29T21:05:34+00:00,rerank,train,v1,818,0.00003436,0.05310347
2026-09-29T21:05:34+00:00,rerank,train,v1,657,0.00002759,0.05313106
2026-09-29T21:05:34+00:00,rerank,train,v1,859,0.00003608,0.05316714
2026-09-29T21:05:34+00:00,rerank,train,v1,594,0.00002495,0.05319209
2026-09-29T21:05:34+00:00,rerank,train,v1,652,0.00002738,0.05321947
2026-09-29T21:05:34+00:00,rerank,train,v1,743,0.00003121,0.05325068
2026-09-29T21:05:34+00:00,rerank,train,v1,780,0.00003276,0.05328344
2026-09-29T21:05:34+00:00,rerank,train,v1,666,0.00002797,0.05331141
2026-09-29T21:05:34+00:00,rerank,train,v1,653,0.00002743,0.05333884
2026-09-29T21:05:34+00:00,rerank,train,v1,743,0.00003121,0.05337004
2026-09-29T21:05:34+00:00,rerank,train,v1,679,0.00002852,0.05339856
2026-09-29T21:05:34+00:00,rerank,train,v1,814,0.00003419,0.05343275
2026-09-29T21:05:34+00:00,rerank,train,v1,636,0.00002671,0.05345946
2026-09-29T21:05:34+00:00,rerank,train,v1,653,0.00002743,0.05348689
2026-09-29T21:05:34+00:00,rerank,train,v1,827,0.00003473,0.05352162
2026-09-29T21:05:34+00:00,rerank,train,v1,608,0.00002554,0.05354716
2026-09-29T21:05:34+00:00,rerank,train,v1,698,0.00002932,0.05357647
2026-09-29T21:05:34+00:00,rerank,train,v1,686,0.00002881,0.05360529
2026-09-29T21:05:34+00:00,rerank,train,v1,855,0.00003591,0.05364120
2026-09-29T21:05:34+00:00,rerank,train,v1,700,0.00002940,0.05367060
2026-09-29T21:05:34+00:00,rerank,train,v1,708,0.00002974,0.05370033
2026-09-29T21:05:34+00:00,rerank,train,v1,598,0.00002512,0.05372545
2026-09-29T21:05:34+00:00,rerank,train,v1,719,0.00003020,0.05375565
2026-09-29T21:05:34+00:00,rerank,train,v1,861,0.00003616,0.05379181
2026-09-29T21:05:34+00:00,rerank,train,v1,752,0.00003158,0.05382339
2026-09-29T21:05:34+00:00,rerank,train,v1,769,0.00003230,0.05385569
2026-09-29T21:05:34+00:00,rerank,train,v1,908,0.00003814,0.05389383
2026-09-29T21:05:34+00:00,rerank,train,v1,828,0.00003478,0.05392860
2026-09-29T21:05:34+00:00,rerank,train,v1,843,0.00003541,0.05396401
2026-09-29T21:05:34+00:00,rerank,train,v1,771,0.00003238,0.05399639
2026-09-29T21:05:34+00:00,rerank,train,v1,876,0.00003679,0.05403318
2026-09-29T21:05:34+00:00,rerank,train,v1,887,0.00003725,0.05407044
2026-09-29T21:05:34+00:00,rerank,train,v1,940,0.00003948,0.05410992
2026-09-29T21:05:34+00:00,rerank,train,v1,706,0.00002965,0.05413957
2026-09-29T21:05:34+00:00,rerank,train,v1,763,0.00003205,0.05417161
2026-09-29T21:05:34+00:00,rerank,train,v1,728,0.00003058,0.05420219
2026-09-29T21:05:34+00:00,rerank,train,v1,676,0.00002839,0.05423058
2026-09-29T21:05:34+00:00,rerank,train,v1,705,0.00002961,0.05426019
2026-09-29T21:05:34+00:00,rerank,train,v1,781,0.00003280,0.05429299
2026-09-29T21:05:34+00:00,rerank,train,v1,647,0.00002717,0.05432017
2026-09-29T21:05:34+00:00,rerank,train,v1,788,0.00003310,0.05435326
2026-09-29T21:05:34+00:00,rerank,train,v1,728,0.00003058,0.05438384
2026-09-29T21:05:34+00:00,rerank,train,v1,814,0.00003419,0.05441803
2026-09-29T21:05:34+00:00,rerank,train,v1,686,0.00002881,0.05444684
2026-09-29T21:05:34+00:00,rerank,train,v1,923,0.00003877,0.05448561
2026-09-29T21:05:34+00:00,rerank,train,v1,981,0.00004120,0.05452681
2026-09-29T21:05:34+00:00,rerank,train,v1,708,0.00002974,0.05455654
2026-09-29T21:05:35+00:00,rerank,train,v1,763,0.00003205,0.05458859
2026-09-29T21:05:35+00:00,rerank,train,v1,748,0.00003142,0.05462001
2026-09-29T21:05:35+00:00,rerank,train,v1,703,0.00002953,0.05464953
2026-09-29T21:05:35+00:00,rerank,train,v1,837,0.00003515,0.05468469
2026-09-29T21:05:35+00:00,rerank,train,v1,858,0.00003604,0.05472072
2026-09-29T21:05:35+00:00,rerank,train,v1,647,0.00002717,0.05474790
2026-09-29T21:05:35+00:00,rerank,train,v1,608,0.00002554,0.05477343
2026-09-29T21:05:35+00:00,rerank,train,v1,647,0.00002717,0.05480061
2026-09-29T21:05:35+00:00,rerank,train,v1,679,0.00002852,0.05482912
2026-09-29T21:05:35+00:00,rerank,train,v1,842,0.00003536,0.05486449
2026-09-29T21:05:35+00:00,rerank,train,v1,653,0.00002743,0.05489191
2026-09-29T21:05:35+00:00,rerank,train,v1,636,0.00002671,0.05491863
2026-09-29T21:05:35+00:00,rerank,train,v1,838,0.00003520,0.05495382
2026-09-29T21:05:35+00:00,rerank,train,v1,800,0.00003360,0.05498742
2026-09-29T21:05:35+00:00,rerank,train,v1,769,0.00003230,0.05501972
2026-09-29T21:05:35+00:00,rerank,train,v1,908,0.00003814,0.05505786
2026-09-29T21:05:35+00:00,rerank,train,v1,863,0.00003625,0.05509410
2026-09-29T21:05:35+00:00,rerank,train,v1,730,0.00003066,0.05512476
2026-09-29T21:05:35+00:00,rerank,train,v1,940,0.00003948,0.05516424
2026-09-29T21:05:35+00:00,rerank,train,v1,898,0.00003772,0.05520196
2026-09-29T21:05:35+00:00,rerank,train,v1,827,0.00003473,0.05523669
2026-09-29T21:05:35+00:00,rerank,train,v1,887,0.00003725,0.05527395
2026-09-29T21:05:35+00:00,rerank,train,v1,1353,0.00005683,0.05533077
2026-09-29T21:05:35+00:00,rerank,train,v1,684,0.00002873,0.05535950
2026-09-29T21:05:35+00:00,rerank,train,v1,869,0.00003650,0.05539600
2026-09-29T21:05:35+00:00,rerank,train,v1,753,0.00003163,0.05542762
2026-09-29T21:05:35+00:00,rerank,train,v1,550,0.00002310,0.05545072
2026-09-29T21:05:35+00:00,rerank,train,v1,530,0.00002226,0.05547298
2026-09-29T21:05:35+00:00,rerank,train,v1,610,0.00002562,0.05549860
2026-09-29T21:05:35+00:00,rerank,train,v1,604,0.00002537,0.05552397
2026-09-29T21:05:35+00:00,rerank,train,v1,614,0.00002579,0.05554976
2026-09-29T21:05:35+00:00,rerank,train,v1,613,0.00002575,0.05557551
2026-09-29T21:05:35+00:00,rerank,train,v1,679,0.00002852,0.05560402
2026-09-29T21:05:35+00:00,rerank,train,v1,754,0.00003167,0.05563569
2026-09-29T21:05:35+00:00,rerank,train,v1,659,0.00002768,0.05566337
2026-09-29T21:05:35+00:00,rerank,train,v1,896,0.00003763,0.05570100
2026-09-29T21:05:35+00:00,rerank,train,v1,713,0.00002995,0.05573095
2026-09-29T21:05:35+00:00,rerank,train,v1,651,0.00002734,0.05575829
2026-09-29T21:05:35+00:00,rerank,train,v1,521,0.00002188,0.05578017
2026-09-29T21:05:35+00:00,rerank,train,v1,606,0.00002545,0.05580562
2026-09-29T21:05:35+00:00,rerank,train,v1,701,0.00002944,0.05583507
2026-09-29T21:05:35+00:00,rerank,train,v1,598,0.00002512,0.05586018
2026-09-29T21:05:35+00:00,rerank,train,v1,673,0.00002827,0.05588845
2026-09-29T21:05:35+00:00,rerank,train,v1,785,0.00003297,0.05592142
2026-09-29T21:05:35+00:00,rerank,train,v1,703,0.00002953,0.05595094
2026-09-29T21:05:35+00:00,rerank,train,v1,722,0.00003032,0.05598127
2026-09-29T21:05:35+00:00,rerank,train,v1,572,0.00002402,0.05600529
2026-09-29T21:05:35+00:00,rerank,train,v1,828,0.00003478,0.05604007
2026-09-29T21:05:35+00:00,rerank,train,v1,618,0.00002596,0.05606602
2026-09-29T21:05:35+00:00,rerank,train,v1,557,0.00002339,0.05608942
2026-09-29T21:05:35+00:00,rerank,train,v1,712,0.00002990,0.05611932
2026-09-29T21:05:35+00:00,rerank,train,v1,858,0.00003604,0.05615536
2026-09-29T21:05:35+00:00,rerank,train,v1,683,0.00002869,0.05618404
2026-09-29T21:05:35+00:00,rerank,train,v1,872,0.00003662,0.05622067
2026-09-29T21:05:35+00:00,rerank,train,v1,710,0.00002982,0.05625049
2026-09-29T21:05:35+00:00,rerank,train,v1,928,0.00003898,0.05628946
2026-09-29T21:05:35+00:00,rerank,train,v1,741,0.00003112,0.05632059
2026-09-29T21:05:35+00:00,rerank,train,v1,767,0.00003221,0.05635280
2026-09-29T21:05:35+00:00,rerank,train,v1,582,0.00002444,0.05637724
2026-09-29T21:05:35+00:00,rerank,train,v1,705,0.00002961,0.05640685
2026-09-29T21:05:35+00:00,rerank,train,v1,701,0.00002944,0.05643630
2026-09-29T21:05:35+00:00,rerank,train,v1,706,0.00002965,0.05646595
2026-09-29T21:05:35+00:00,rerank,train,v1,706,0.00002965,0.05649560
2026-09-29T21:05:35+00:00,rerank,train,v1,743,0.00003121,0.05652681
2026-09-29T21:05:35+00:00,rerank,train,v1,600,0.00002520,0.05655201
2026-09-29T21:05:35+00:00,rerank,train,v1,695,0.00002919,0.05658120
2026-09-29T21:05:35+00:00,rerank,train,v1,845,0.00003549,0.05661669
2026-09-29T21:05:35+00:00,rerank,train,v1,843,0.00003541,0.05665209
2026-09-29T21:05:35+00:00,rerank,train,v1,787,0.00003305,0.05668515
2026-09-29T21:05:35+00:00,rerank,train,v1,797,0.00003347,0.05671862
2026-09-29T21:05:35+00:00,rerank,train,v1,650,0.00002730,0.05674592
2026-09-29T21:05:36+00:00,rerank,train,v1,754,0.00003167,0.05677759
2026-09-29T21:05:36+00:00,rerank,train,v1,711,0.00002986,0.05680745
2026-09-29T21:05:36+00:00,rerank,train,v1,851,0.00003574,0.05684319
2026-09-29T21:05:36+00:00,rerank,train,v1,824,0.00003461,0.05687780
2026-09-29T21:05:36+00:00,rerank,train,v1,967,0.00004061,0.05691841
2026-09-29T21:05:36+00:00,rerank,train,v1,865,0.00003633,0.05695474
2026-09-29T21:05:36+00:00,rerank,train,v1,925,0.00003885,0.05699359
2026-09-29T21:05:36+00:00,rerank,train,v1,556,0.00002335,0.05701695
2026-09-29T21:05:36+00:00,rerank,train,v1,1128,0.00004738,0.05706432
2026-09-29T21:05:36+00:00,rerank,train,v1,757,0.00003179,0.05709612
2026-09-29T21:05:36+00:00,rerank,train,v1,762,0.00003200,0.05712812
2026-09-29T21:05:36+00:00,rerank,train,v1,901,0.00003784,0.05716596
2026-09-29T21:05:36+00:00,rerank,train,v1,684,0.00002873,0.05719469
2026-09-29T21:05:36+00:00,rerank,train,v1,643,0.00002701,0.05722170
2026-09-29T21:05:36+00:00,rerank,train,v1,805,0.00003381,0.05725551
2026-09-29T21:05:36+00:00,rerank,train,v1,488,0.00002050,0.05727600
2026-09-29T21:05:36+00:00,rerank,train,v1,567,0.00002381,0.05729982
2026-09-29T21:05:36+00:00,rerank,train,v1,725,0.00003045,0.05733027
2026-09-29T21:05:36+00:00,rerank,train,v1,977,0.00004103,0.05737130
2026-09-29T21:05:36+00:00,rerank,train,v1,622,0.00002612,0.05739742
2026-09-29T21:05:36+00:00,rerank,train,v1,892,0.00003746,0.05743489
2026-09-29T21:05:36+00:00,rerank,train,v1,922,0.00003872,0.05747361
2026-09-29T21:05:36+00:00,rerank,train,v1,692,0.00002906,0.05750268
2026-09-29T21:05:36+00:00,rerank,train,v1,1164,0.00004889,0.05755156
2026-09-29T21:05:36+00:00,rerank,train,v1,599,0.00002516,0.05757672
2026-09-29T21:05:36+00:00,rerank,train,v1,708,0.00002974,0.05760646
2026-09-29T21:05:36+00:00,rerank,train,v1,719,0.00003020,0.05763666
2026-09-29T21:05:36+00:00,rerank,train,v1,701,0.00002944,0.05766610
2026-09-29T21:05:36+00:00,rerank,train,v1,829,0.00003482,0.05770092
2026-09-29T21:05:36+00:00,rerank,train,v1,663,0.00002785,0.05772876
2026-09-29T21:05:36+00:00,rerank,train,v1,791,0.00003322,0.05776198
2026-09-29T21:05:36+00:00,rerank,train,v1,612,0.00002570,0.05778769
2026-09-29T21:05:36+00:00,rerank,train,v1,594,0.00002495,0.05781264
2026-09-29T21:05:36+00:00,rerank,train,v1,832,0.00003494,0.05784758
2026-09-29T21:05:36+00:00,rerank,train,v1,606,0.00002545,0.05787303
2026-09-29T21:05:36+00:00,rerank,train,v1,807,0.00003389,0.05790693
2026-09-29T21:05:36+00:00,rerank,train,v1,855,0.00003591,0.05794284
2026-09-29T21:05:36+00:00,rerank,train,v1,815,0.00003423,0.05797707
2026-09-29T21:05:36+00:00,rerank,train,v1,754,0.00003167,0.05800873
2026-09-29T21:05:36+00:00,rerank,train,v1,695,0.00002919,0.05803792
2026-09-29T21:05:36+00:00,rerank,train,v1,903,0.00003793,0.05807585
2026-09-29T21:05:36+00:00,rerank,train,v1,573,0.00002407,0.05809992
2026-09-29T21:05:36+00:00,rerank,train,v1,767,0.00003221,0.05813213
2026-09-29T21:05:36+00:00,rerank,train,v1,1072,0.00004502,0.05817715
2026-09-29T21:05:36+00:00,rerank,train,v1,714,0.00002999,0.05820714
2026-09-29T21:05:36+00:00,rerank,train,v1,731,0.00003070,0.05823784
2026-09-29T21:05:36+00:00,rerank,train,v1,735,0.00003087,0.05826871
2026-09-29T21:05:36+00:00,rerank,train,v1,871,0.00003658,0.05830530
2026-09-29T21:05:36+00:00,rerank,train,v1,564,0.00002369,0.05832898
2026-09-29T21:05:36+00:00,rerank,train,v1,620,0.00002604,0.05835502
2026-09-29T21:05:36+00:00,rerank,train,v1,735,0.00003087,0.05838589
2026-09-29T21:05:36+00:00,rerank,train,v1,638,0.00002680,0.05841269
2026-09-29T21:05:36+00:00,rerank,train,v1,739,0.00003104,0.05844373
2026-09-29T21:05:36+00:00,rerank,train,v1,636,0.00002671,0.05847044
2026-09-29T21:05:36+00:00,rerank,train,v1,574,0.00002411,0.05849455
2026-09-29T21:05:36+00:00,rerank,train,v1,611,0.00002566,0.05852021
2026-09-29T21:05:36+00:00,rerank,train,v1,737,0.00003095,0.05855116
2026-09-29T21:05:36+00:00,rerank,train,v1,673,0.00002827,0.05857943
2026-09-29T21:05:36+00:00,rerank,train,v1,871,0.00003658,0.05861601
2026-09-29T21:05:36+00:00,rerank,train,v1,628,0.00002638,0.05864239
2026-09-29T21:05:36+00:00,rerank,train,v1,785,0.00003297,0.05867536
2026-09-29T21:05:36+00:00,rerank,train,v1,828,0.00003478,0.05871013
2026-09-29T21:05:36+00:00,rerank,train,v1,686,0.00002881,0.05873895
2026-09-29T21:05:36+00:00,rerank,train,v1,546,0.00002293,0.05876188
2026-09-29T21:05:37+00:00,rerank,train,v1,601,0.00002524,0.05878712
2026-09-29T21:05:37+00:00,rerank,train,v1,742,0.00003116,0.05881828
2026-09-29T21:05:37+00:00,rerank,train,v1,783,0.00003289,0.05885117
2026-09-29T21:05:37+00:00,rerank,train,v1,675,0.00002835,0.05887952
2026-09-29T21:05:37+00:00,rerank,train,v1,668,0.00002806,0.05890758
2026-09-29T21:05:37+00:00,rerank,train,v1,692,0.00002906,0.05893664
2026-09-29T21:05:37+00:00,rerank,train,v1,622,0.00002612,0.05896276
2026-09-29T21:05:37+00:00,rerank,train,v1,616,0.00002587,0.05898864
2026-09-29T21:05:37+00:00,rerank,train,v1,685,0.00002877,0.05901741
2026-09-29T21:05:37+00:00,rerank,train,v1,554,0.00002327,0.05904067
2026-09-29T21:05:37+00:00,rerank,train,v1,665,0.00002793,0.05906860
2026-09-29T21:05:37+00:00,rerank,train,v1,670,0.00002814,0.05909674
2026-09-29T21:05:37+00:00,rerank,train,v1,958,0.00004024,0.05913698
2026-09-29T21:05:37+00:00,rerank,train,v1,692,0.00002906,0.05916604
2026-09-29T21:05:37+00:00,rerank,train,v1,733,0.00003079,0.05919683
2026-09-29T21:05:37+00:00,rerank,train,v1,650,0.00002730,0.05922413
2026-09-29T21:05:37+00:00,rerank,train,v1,685,0.00002877,0.05925290
2026-09-29T21:05:37+00:00,rerank,train,v1,667,0.00002801,0.05928091
2026-09-29T21:05:37+00:00,rerank,train,v1,590,0.00002478,0.05930569
2026-09-29T21:05:37+00:00,rerank,train,v1,748,0.00003142,0.05933711
2026-09-29T21:05:37+00:00,rerank,train,v1,812,0.00003410,0.05937121
2026-09-29T21:05:37+00:00,rerank,train,v1,625,0.00002625,0.05939746
2026-09-29T21:05:37+00:00,rerank,train,v1,821,0.00003448,0.05943195
2026-09-29T21:05:37+00:00,rerank,train,v1,661,0.00002776,0.05945971
2026-09-29T21:05:37+00:00,rerank,train,v1,667,0.00002801,0.05948772
2026-09-29T21:05:37+00:00,rerank,train,v1,706,0.00002965,0.05951737
2026-09-29T21:05:37+00:00,rerank,train,v1,716,0.00003007,0.05954745
2026-09-29T21:05:37+00:00,rerank,train,v1,661,0.00002776,0.05957521
2026-09-29T21:05:37+00:00,rerank,train,v1,729,0.00003062,0.05960583
2026-09-29T21:05:37+00:00,rerank,train,v1,726,0.00003049,0.05963632
2026-09-29T21:05:37+00:00,rerank,train,v1,673,0.00002827,0.05966458
2026-09-29T21:05:37+00:00,rerank,train,v1,722,0.00003032,0.05969491
2026-09-29T21:05:37+00:00,rerank,train,v1,815,0.00003423,0.05972914
2026-09-29T21:05:37+00:00,rerank,train,v1,915,0.00003843,0.05976757
2026-09-29T21:05:37+00:00,rerank,train,v1,620,0.00002604,0.05979361
2026-09-29T21:05:37+00:00,rerank,train,v1,613,0.00002575,0.05981935
2026-09-29T21:05:37+00:00,rerank,train,v1,807,0.00003389,0.05985325
2026-09-29T21:05:37+00:00,rerank,train,v1,647,0.00002717,0.05988042
2026-09-29T21:05:37+00:00,rerank,train,v1,706,0.00002965,0.05991007
2026-09-29T21:05:37+00:00,rerank,train,v1,781,0.00003280,0.05994288
2026-09-29T21:05:37+00:00,rerank,train,v1,571,0.00002398,0.05996686
2026-09-29T21:05:37+00:00,rerank,train,v1,738,0.00003100,0.05999785
2026-09-29T21:05:37+00:00,rerank,train,v1,766,0.00003217,0.06003003
2026-09-29T21:05:37+00:00,rerank,train,v1,684,0.00002873,0.06005875
2026-09-29T21:05:37+00:00,rerank,train,v1,891,0.00003742,0.06009618
2026-09-29T21:05:37+00:00,rerank,train,v1,754,0.00003167,0.06012784
2026-09-29T21:05:37+00:00,rerank,train,v1,752,0.00003158,0.06015943
2026-09-29T21:05:37+00:00,rerank,train,v1,699,0.00002936,0.06018879
2026-09-29T21:05:37+00:00,rerank,train,v1,676,0.00002839,0.06021718
2026-09-29T21:05:37+00:00,rerank,train,v1,750,0.00003150,0.06024868
2026-09-29T21:05:37+00:00,rerank,train,v1,719,0.00003020,0.06027888
2026-09-29T21:05:37+00:00,rerank,train,v1,634,0.00002663,0.06030550
2026-09-29T21:05:37+00:00,rerank,train,v1,882,0.00003704,0.06034255
2026-09-29T21:05:37+00:00,rerank,train,v1,845,0.00003549,0.06037804
2026-09-29T21:05:37+00:00,rerank,train,v1,772,0.00003242,0.06041046
2026-09-29T21:05:37+00:00,rerank,train,v1,686,0.00002881,0.06043927
2026-09-29T21:05:37+00:00,rerank,train,v1,697,0.00002927,0.06046855
2026-09-29T21:05:37+00:00,rerank,train,v1,729,0.00003062,0.06049917
2026-09-29T21:05:37+00:00,rerank,train,v1,552,0.00002318,0.06052235
2026-09-29T21:05:37+00:00,rerank,train,v1,536,0.00002251,0.06054486
2026-09-29T21:05:37+00:00,rerank,train,v1,762,0.00003200,0.06057687
2026-09-29T21:05:37+00:00,rerank,train,v1,604,0.00002537,0.06060223
2026-09-29T21:05:37+00:00,rerank,train,v1,640,0.00002688,0.06062911
2026-09-29T21:05:37+00:00,rerank,train,v1,715,0.00003003,0.06065914
2026-09-29T21:05:37+00:00,rerank,train,v1,781,0.00003280,0.06069195
2026-09-29T21:05:37+00:00,rerank,train,v1,581,0.00002440,0.06071635
2026-09-29T21:05:37+00:00,rerank,train,v1,959,0.00004028,0.06075663
2026-09-29T21:05:37+00:00,rerank,train,v1,671,0.00002818,0.06078481
2026-09-29T21:05:37+00:00,rerank,train,v1,724,0.00003041,0.06081522
2026-09-29T21:05:37+00:00,rerank,train,v1,689,0.00002894,0.06084415
2026-09-29T21:05:37+00:00,rerank,train,v1,800,0.00003360,0.06087775
2026-09-29T21:05:37+00:00,rerank,train,v1,702,0.00002948,0.06090724
2026-09-29T21:05:37+00:00,rerank,train,v1,634,0.00002663,0.06093387
2026-09-29T21:05:38+00:00,rerank,train,v1,736,0.00003091,0.06096478
2026-09-29T21:05:38+00:00,rerank,train,v1,627,0.00002633,0.06099111
2026-09-29T21:05:38+00:00,rerank,train,v1,588,0.00002470,0.06101581
2026-09-29T21:05:38+00:00,rerank,train,v1,728,0.00003058,0.06104638
2026-09-29T21:05:38+00:00,rerank,train,v1,703,0.00002953,0.06107591
2026-09-29T21:05:38+00:00,rerank,train,v1,805,0.00003381,0.06110972
2026-09-29T21:05:38+00:00,rerank,train,v1,801,0.00003364,0.06114336
2026-09-29T21:05:38+00:00,rerank,train,v1,617,0.00002591,0.06116928
2026-09-29T21:05:38+00:00,rerank,train,v1,768,0.00003226,0.06120153
2026-09-29T21:05:38+00:00,rerank,train,v1,918,0.00003856,0.06124009
2026-09-29T21:05:38+00:00,rerank,train,v1,702,0.00002948,0.06126957
2026-09-29T21:05:38+00:00,rerank,train,v1,780,0.00003276,0.06130233
2026-09-29T21:05:38+00:00,rerank,train,v1,504,0.00002117,0.06132350
2026-09-29T21:05:38+00:00,rerank,train,v1,735,0.00003087,0.06135437
2026-09-29T21:05:38+00:00,rerank,train,v1,625,0.00002625,0.06138062
2026-09-29T21:05:38+00:00,rerank,train,v1,625,0.00002625,0.06140687
2026-09-29T21:05:38+00:00,rerank,train,v1,796,0.00003343,0.06144030
2026-09-29T21:05:38+00:00,rerank,train,v1,627,0.00002633,0.06146664
2026-09-29T21:05:38+00:00,rerank,train,v1,905,0.00003801,0.06150465
2026-09-29T21:05:38+00:00,rerank,train,v1,764,0.00003209,0.06153673
2026-09-29T21:05:38+00:00,rerank,train,v1,1188,0.00004990,0.06158663
2026-09-29T21:05:38+00:00,rerank,train,v1,794,0.00003335,0.06161998
2026-09-29T21:05:38+00:00,rerank,train,v1,561,0.00002356,0.06164354
2026-09-29T21:05:38+00:00,rerank,train,v1,649,0.00002726,0.06167080
2026-09-29T21:05:38+00:00,rerank,train,v1,672,0.00002822,0.06169902
2026-09-29T21:05:38+00:00,rerank,train,v1,763,0.00003205,0.06173107
2026-09-29T21:05:38+00:00,rerank,train,v1,555,0.00002331,0.06175438
2026-09-29T21:05:38+00:00,rerank,train,v1,642,0.00002696,0.06178134
2026-09-29T21:05:38+00:00,rerank,train,v1,684,0.00002873,0.06181007
2026-09-29T21:05:38+00:00,rerank,train,v1,839,0.00003524,0.06184531
2026-09-29T21:05:38+00:00,rerank,train,v1,773,0.00003247,0.06187777
2026-09-29T21:05:38+00:00,rerank,train,v1,709,0.00002978,0.06190755
2026-09-29T21:05:38+00:00,rerank,train,v1,799,0.00003356,0.06194111
2026-09-29T21:05:38+00:00,rerank,train,v1,771,0.00003238,0.06197349
2026-09-29T21:05:38+00:00,rerank,train,v1,622,0.00002612,0.06199962
2026-09-29T21:05:38+00:00,rerank,train,v1,738,0.00003100,0.06203061
2026-09-29T21:05:38+00:00,rerank,train,v1,761,0.00003196,0.06206257
2026-09-29T21:05:38+00:00,rerank,train,v1,754,0.00003167,0.06209424
2026-09-29T21:05:38+00:00,rerank,train,v1,683,0.00002869,0.06212293
2026-09-29T21:05:38+00:00,rerank,train,v1,805,0.00003381,0.06215674
2026-09-29T21:05:38+00:00,rerank,train,v1,810,0.00003402,0.06219076
2026-09-29T21:05:38+00:00,rerank,train,v1,718,0.00003016,0.06222091
2026-09-29T21:05:38+00:00,rerank,train,v1,716,0.00003007,0.06225099
2026-09-29T21:05:38+00:00,rerank,train,v1,724,0.00003041,0.06228139
2026-09-29T21:05:38+00:00,rerank,train,v1,649,0.00002726,0.06230865
2026-09-29T21:05:38+00:00,rerank,train,v1,571,0.00002398,0.06233263
2026-09-29T21:05:38+00:00,rerank,train,v1,824,0.00003461,0.06236724
2026-09-29T21:05:38+00:00,rerank,train,v1,725,0.00003045,0.06239769
2026-09-29T21:05:38+00:00,rerank,train,v1,673,0.00002827,0.06242596
2026-09-29T21:05:38+00:00,rerank,train,v1,741,0.00003112,0.06245708
2026-09-29T21:05:38+00:00,rerank,train,v1,699,0.00002936,0.06248644
2026-09-29T21:05:38+00:00,rerank,train,v1,891,0.00003742,0.06252386
2026-09-29T21:05:38+00:00,rerank,train,v1,727,0.00003053,0.06255439
2026-09-29T21:05:38+00:00,rerank,train,v1,801,0.00003364,0.06258804
2026-09-29T21:05:38+00:00,rerank,train,v1,766,0.00003217,0.06262021
2026-09-29T21:05:38+00:00,rerank,train,v1,719,0.00003020,0.06265041
2026-09-29T21:05:38+00:00,rerank,train,v1,1012,0.00004250,0.06269291
2026-09-29T21:05:38+00:00,rerank,train,v1,679,0.00002852,0.06272143
2026-09-29T21:05:38+00:00,rerank,train,v1,685,0.00002877,0.06275020
2026-09-29T21:05:38+00:00,rerank,train,v1,714,0.00002999,0.06278019
2026-09-29T21:05:38+00:00,rerank,train,v1,795,0.00003339,0.06281358
2026-09-29T21:05:38+00:00,rerank,train,v1,653,0.00002743,0.06284100
2026-09-29T21:05:38+00:00,rerank,train,v1,731,0.00003070,0.06287170
2026-09-29T21:05:38+00:00,rerank,train,v1,910,0.00003822,0.06290992
2026-09-29T21:05:38+00:00,rerank,train,v1,1010,0.00004242,0.06295234
2026-09-29T21:05:38+00:00,rerank,train,v1,862,0.00003620,0.06298855
2026-09-29T21:05:38+00:00,rerank,train,v1,874,0.00003671,0.06302526
2026-09-29T21:05:38+00:00,rerank,train,v1,621,0.00002608,0.06305134
2026-09-29T21:05:38+00:00,rerank,train,v1,608,0.00002554,0.06307687
2026-09-29T21:05:38+00:00,rerank,train,v1,1651,0.00006934,0.06314622
2026-09-29T21:05:39+00:00,rerank,train,v1,658,0.00002764,0.06317385
2026-09-29T21:05:39+00:00,rerank,train,v1,684,0.00002873,0.06320258
2026-09-29T21:05:39+00:00,rerank,train,v1,868,0.00003646,0.06323904
2026-09-29T21:05:39+00:00,rerank,train,v1,692,0.00002906,0.06326810
2026-09-29T21:05:39+00:00,rerank,train,v1,854,0.00003587,0.06330397
2026-09-29T21:05:39+00:00,rerank,train,v1,780,0.00003276,0.06333673
2026-09-29T21:05:39+00:00,rerank,train,v1,544,0.00002285,0.06335958
2026-09-29T21:05:39+00:00,rerank,train,v1,618,0.00002596,0.06338553
2026-09-29T21:05:39+00:00,rerank,train,v1,641,0.00002692,0.06341245
2026-09-29T21:05:39+00:00,rerank,train,v1,787,0.00003305,0.06344551
2026-09-29T21:05:39+00:00,rerank,train,v1,717,0.00003011,0.06347562
2026-09-29T21:05:39+00:00,rerank,train,v1,661,0.00002776,0.06350338
2026-09-29T21:05:39+00:00,rerank,train,v1,976,0.00004099,0.06354438
2026-09-29T21:05:39+00:00,rerank,train,v1,991,0.00004162,0.06358600
2026-09-29T21:05:39+00:00,rerank,train,v1,798,0.00003352,0.06361951
2026-09-29T21:05:39+00:00,rerank,train,v1,790,0.00003318,0.06365269
2026-09-29T21:05:39+00:00,rerank,train,v1,582,0.00002444,0.06367714
2026-09-29T21:05:39+00:00,rerank,train,v1,649,0.00002726,0.06370440
2026-09-29T21:05:39+00:00,rerank,train,v1,712,0.00002990,0.06373430
2026-09-29T21:05:39+00:00,rerank,train,v1,642,0.00002696,0.06376126
2026-09-29T21:05:39+00:00,rerank,train,v1,649,0.00002726,0.06378852
2026-09-29T21:05:39+00:00,rerank,train,v1,726,0.00003049,0.06381901
2026-09-29T21:05:39+00:00,rerank,train,v1,902,0.00003788,0.06385690
2026-09-29T21:05:39+00:00,rerank,train,v1,725,0.00003045,0.06388735
2026-09-29T21:05:39+00:00,rerank,train,v1,888,0.00003730,0.06392464
2026-09-29T21:05:39+00:00,rerank,train,v1,619,0.00002600,0.06395064
2026-09-29T21:05:39+00:00,rerank,train,v1,635,0.00002667,0.06397731
2026-09-29T21:05:39+00:00,rerank,train,v1,770,0.00003234,0.06400965
2026-09-29T21:05:39+00:00,rerank,train,v1,715,0.00003003,0.06403968
2026-09-29T21:05:39+00:00,rerank,train,v1,783,0.00003289,0.06407257
2026-09-29T21:05:39+00:00,rerank,train,v1,714,0.00002999,0.06410256
2026-09-29T21:05:39+00:00,rerank,train,v1,662,0.00002780,0.06413036
2026-09-29T21:05:39+00:00,rerank,train,v1,669,0.00002810,0.06415846
2026-09-29T21:05:39+00:00,rerank,train,v1,944,0.00003965,0.06419811
2026-09-29T21:05:39+00:00,rerank,train,v1,696,0.00002923,0.06422734
2026-09-29T21:05:39+00:00,rerank,train,v1,660,0.00002772,0.06425506
2026-09-29T21:05:39+00:00,rerank,train,v1,705,0.00002961,0.06428467
2026-09-29T21:05:39+00:00,rerank,train,v1,583,0.00002449,0.06430915
2026-09-29T21:05:39+00:00,rerank,train,v1,879,0.00003692,0.06434607
2026-09-29T21:05:39+00:00,rerank,train,v1,743,0.00003121,0.06437728
2026-09-29T21:05:39+00:00,rerank,train,v1,661,0.00002776,0.06440504
2026-09-29T21:05:39+00:00,rerank,train,v1,973,0.00004087,0.06444591
2026-09-29T21:05:39+00:00,rerank,train,v1,637,0.00002675,0.06447266
2026-09-29T21:05:39+00:00,rerank,train,v1,745,0.00003129,0.06450395
2026-09-29T21:05:39+00:00,rerank,train,v1,1015,0.00004263,0.06454658
2026-09-29T21:05:39+00:00,rerank,train,v1,779,0.00003272,0.06457930
2026-09-29T21:05:39+00:00,rerank,train,v1,779,0.00003272,0.06461202
2026-09-29T21:05:39+00:00,rerank,train,v1,719,0.00003020,0.06464221
2026-09-29T21:05:39+00:00,rerank,train,v1,736,0.00003091,0.06467313
2026-09-29T21:05:39+00:00,rerank,train,v1,860,0.00003612,0.06470925
2026-09-29T21:05:39+00:00,rerank,train,v1,838,0.00003520,0.06474444
2026-09-29T21:05:39+00:00,rerank,train,v1,859,0.00003608,0.06478052
2026-09-29T21:05:39+00:00,rerank,train,v1,745,0.00003129,0.06481181
2026-09-29T21:05:39+00:00,rerank,train,v1,907,0.00003809,0.06484990
2026-09-29T21:05:39+00:00,rerank,train,v1,742,0.00003116,0.06488107
2026-09-29T21:05:39+00:00,rerank,train,v1,748,0.00003142,0.06491248
2026-09-29T21:05:39+00:00,rerank,train,v1,839,0.00003524,0.06494772
2026-09-29T21:05:39+00:00,rerank,train,v1,721,0.00003028,0.06497800
2026-09-29T21:05:39+00:00,rerank,train,v1,916,0.00003847,0.06501648
2026-09-29T21:05:39+00:00,rerank,train,v1,991,0.00004162,0.06505810
2026-09-29T21:05:39+00:00,rerank,train,v1,1005,0.00004221,0.06510031
2026-09-29T21:05:39+00:00,rerank,train,v1,860,0.00003612,0.06513643
2026-09-29T21:05:39+00:00,rerank,train,v1,797,0.00003347,0.06516990
2026-09-29T21:05:39+00:00,rerank,train,v1,812,0.00003410,0.06520401
2026-09-29T21:05:40+00:00,rerank,train,v1,706,0.00002965,0.06523366
2026-09-29T21:05:40+00:00,rerank,train,v1,869,0.00003650,0.06527016
2026-09-29T21:05:40+00:00,rerank,train,v1,729,0.00003062,0.06530077
2026-09-29T21:05:40+00:00,rerank,train,v1,596,0.00002503,0.06532581
2026-09-29T21:05:40+00:00,rerank,train,v1,1059,0.00004448,0.06537028
2026-09-29T21:05:40+00:00,rerank,train,v1,835,0.00003507,0.06540535
2026-09-29T21:05:40+00:00,rerank,train,v1,621,0.00002608,0.06543144
2026-09-29T21:05:40+00:00,rerank,train,v1,829,0.00003482,0.06546625
2026-09-29T21:05:40+00:00,rerank,train,v1,936,0.00003931,0.06550557
2026-09-29T21:05:40+00:00,rerank,train,v1,666,0.00002797,0.06553354
2026-09-29T21:05:40+00:00,rerank,train,v1,1071,0.00004498,0.06557852
2026-09-29T21:05:40+00:00,rerank,train,v1,791,0.00003322,0.06561174
2026-09-29T21:05:40+00:00,rerank,train,v1,923,0.00003877,0.06565051
2026-09-29T21:05:40+00:00,rerank,train,v1,691,0.00002902,0.06567953
2026-09-29T21:05:40+00:00,rerank,train,v1,1048,0.00004402,0.06572355
2026-09-29T21:05:40+00:00,rerank,train,v1,1477,0.00006203,0.06578558
2026-09-29T21:05:40+00:00,rerank,train,v1,766,0.00003217,0.06581775
2026-09-29T21:05:40+00:00,rerank,train,v1,749,0.00003146,0.06584921
2026-09-29T21:05:40+00:00,rerank,train,v1,831,0.00003490,0.06588411
2026-09-29T21:05:40+00:00,rerank,train,v1,1073,0.00004507,0.06592918
2026-09-29T21:05:40+00:00,rerank,train,v1,978,0.00004108,0.06597025
2026-09-29T21:05:40+00:00,rerank,train,v1,655,0.00002751,0.06599776
2026-09-29T21:05:40+00:00,rerank,train,v1,770,0.00003234,0.06603010
2026-09-29T21:05:40+00:00,rerank,train,v1,1099,0.00004616,0.06607626
2026-09-29T21:05:40+00:00,rerank,train,v1,794,0.00003335,0.06610961
2026-09-29T21:05:40+00:00,rerank,train,v1,664,0.00002789,0.06613750
2026-09-29T21:05:40+00:00,rerank,train,v1,559,0.00002348,0.06616098
2026-09-29T21:05:40+00:00,rerank,train,v1,726,0.00003049,0.06619147
2026-09-29T21:05:40+00:00,rerank,train,v1,549,0.00002306,0.06621453
2026-09-29T21:05:40+00:00,rerank,train,v1,899,0.00003776,0.06625228
2026-09-29T21:05:40+00:00,rerank,train,v1,669,0.00002810,0.06628038
2026-09-29T21:05:40+00:00,rerank,train,v1,807,0.00003389,0.06631428
2026-09-29T21:05:40+00:00,rerank,train,v1,699,0.00002936,0.06634363
2026-09-29T21:05:40+00:00,rerank,train,v1,834,0.00003503,0.06637866
2026-09-29T21:05:40+00:00,rerank,train,v1,755,0.00003171,0.06641037
2026-09-29T21:05:40+00:00,rerank,train,v1,1284,0.00005393,0.06646430
2026-09-29T21:05:40+00:00,rerank,train,v1,2315,0.00009723,0.06656153
2026-09-29T21:05:40+00:00,rerank,train,v1,760,0.00003192,0.06659345
2026-09-29T21:05:40+00:00,rerank,train,v1,800,0.00003360,0.06662705
2026-09-29T21:05:40+00:00,rerank,train,v1,718,0.00003016,0.06665721
2026-09-29T21:05:40+00:00,rerank,train,v1,1022,0.00004292,0.06670013
2026-09-29T21:05:40+00:00,rerank,train,v1,692,0.00002906,0.06672919
2026-09-29T21:05:40+00:00,rerank,train,v1,840,0.00003528,0.06676447
2026-09-29T21:05:40+00:00,rerank,train,v1,648,0.00002722,0.06679169
2026-09-29T21:05:40+00:00,rerank,train,v1,779,0.00003272,0.06682441
2026-09-29T21:05:40+00:00,rerank,train,v1,895,0.00003759,0.06686200
2026-09-29T21:05:40+00:00,rerank,train,v1,726,0.00003049,0.06689249
2026-09-29T21:05:40+00:00,rerank,train,v1,714,0.00002999,0.06692248
2026-09-29T21:05:40+00:00,rerank,train,v1,645,0.00002709,0.06694957
2026-09-29T21:05:40+00:00,rerank,train,v1,653,0.00002743,0.06697699
2026-09-29T21:05:40+00:00,rerank,train,v1,651,0.00002734,0.06700434
2026-09-29T21:05:40+00:00,rerank,train,v1,735,0.00003087,0.06703521
2026-09-29T21:05:40+00:00,rerank,train,v1,666,0.00002797,0.06706318
2026-09-29T21:05:40+00:00,rerank,train,v1,639,0.00002684,0.06709002
2026-09-29T21:05:40+00:00,rerank,train,v1,773,0.00003247,0.06712248
2026-09-29T21:05:40+00:00,rerank,train,v1,733,0.00003079,0.06715327
2026-09-29T21:05:40+00:00,rerank,train,v1,738,0.00003100,0.06718426
2026-09-29T21:05:40+00:00,rerank,train,v1,718,0.00003016,0.06721442
2026-09-29T21:05:40+00:00,rerank,train,v1,727,0.00003053,0.06724495
2026-09-29T21:05:40+00:00,rerank,train,v1,722,0.00003032,0.06727528
2026-09-29T21:05:40+00:00,rerank,train,v1,874,0.00003671,0.06731199
2026-09-29T21:05:40+00:00,rerank,train,v1,862,0.00003620,0.06734819
2026-09-29T21:05:40+00:00,rerank,train,v1,646,0.00002713,0.06737532
2026-09-29T21:05:40+00:00,rerank,train,v1,787,0.00003305,0.06740838
2026-09-29T21:05:40+00:00,rerank,train,v1,887,0.00003725,0.06744563
2026-09-29T21:05:40+00:00,rerank,train,v1,702,0.00002948,0.06747511
2026-09-29T21:05:40+00:00,rerank,train,v1,842,0.00003536,0.06751048
2026-09-29T21:05:41+00:00,rerank,train,v1,694,0.00002915,0.06753963
2026-09-29T21:05:41+00:00,rerank,train,v1,841,0.00003532,0.06757495
2026-09-29T21:05:41+00:00,rerank,train,v1,661,0.00002776,0.06760271
2026-09-29T21:05:41+00:00,rerank,train,v1,562,0.00002360,0.06762631
2026-09-29T21:05:41+00:00,rerank,train,v1,1186,0.00004981,0.06767613
2026-09-29T21:05:41+00:00,rerank,train,v1,1066,0.00004477,0.06772090
2026-09-29T21:05:41+00:00,rerank,train,v1,1186,0.00004981,0.06777071
2026-09-29T21:05:41+00:00,rerank,train,v1,866,0.00003637,0.06780708
2026-09-29T21:05:41+00:00,rerank,train,v1,832,0.00003494,0.06784203
2026-09-29T21:05:41+00:00,rerank,train,v1,945,0.00003969,0.06788172
2026-09-29T21:05:41+00:00,rerank,train,v1,857,0.00003599,0.06791771
2026-09-29T21:05:41+00:00,rerank,train,v1,928,0.00003898,0.06795669
2026-09-29T21:05:41+00:00,rerank,train,v1,667,0.00002801,0.06798470
2026-09-29T21:05:41+00:00,rerank,train,v1,947,0.00003977,0.06802447
2026-09-29T21:05:41+00:00,rerank,train,v1,896,0.00003763,0.06806211
2026-09-29T21:05:41+00:00,rerank,train,v1,915,0.00003843,0.06810054
2026-09-29T21:05:41+00:00,rerank,train,v1,591,0.00002482,0.06812536
2026-09-29T21:05:41+00:00,rerank,train,v1,907,0.00003809,0.06816345
2026-09-29T21:05:41+00:00,rerank,train,v1,899,0.00003776,0.06820121
2026-09-29T21:05:41+00:00,rerank,train,v1,930,0.00003906,0.06824027
2026-09-29T21:05:41+00:00,rerank,train,v1,665,0.00002793,0.06826820
2026-09-29T21:05:41+00:00,rerank,train,v1,832,0.00003494,0.06830314
2026-09-29T21:05:41+00:00,rerank,train,v1,885,0.00003717,0.06834031
2026-09-29T21:05:41+00:00,rerank,train,v1,975,0.00004095,0.06838126
2026-09-29T21:05:41+00:00,rerank,train,v1,1011,0.00004246,0.06842373
2026-09-29T21:05:41+00:00,rerank,train,v1,1203,0.00005053,0.06847425
2026-09-29T21:05:41+00:00,rerank,train,v1,717,0.00003011,0.06850437
2026-09-29T21:05:41+00:00,rerank,train,v1,1188,0.00004990,0.06855426
2026-09-29T21:05:41+00:00,rerank,train,v1,691,0.00002902,0.06858328
2026-09-29T21:05:41+00:00,rerank,train,v1,727,0.00003053,0.06861382
2026-09-29T21:05:41+00:00,rerank,train,v1,773,0.00003247,0.06864628
2026-09-29T21:05:41+00:00,rerank,train,v1,656,0.00002755,0.06867384
2026-09-29T21:05:41+00:00,rerank,train,v1,896,0.00003763,0.06871147
2026-09-29T21:05:41+00:00,rerank,train,v1,837,0.00003515,0.06874662
2026-09-29T21:05:41+00:00,rerank,train,v1,787,0.00003305,0.06877968
2026-09-29T21:05:41+00:00,rerank,train,v1,820,0.00003444,0.06881412
2026-09-29T21:05:41+00:00,rerank,train,v1,944,0.00003965,0.06885376
2026-09-29T21:05:41+00:00,rerank,train,v1,893,0.00003751,0.06889127
2026-09-29T21:05:41+00:00,rerank,train,v1,1286,0.00005401,0.06894528
2026-09-29T21:05:41+00:00,rerank,train,v1,882,0.00003704,0.06898233
2026-09-29T21:05:41+00:00,rerank,train,v1,859,0.00003608,0.06901840
2026-09-29T21:05:41+00:00,rerank,train,v1,773,0.00003247,0.06905087
2026-09-29T21:05:41+00:00,rerank,train,v1,811,0.00003406,0.06908493
2026-09-29T21:05:41+00:00,rerank,train,v1,671,0.00002818,0.06911311
2026-09-29T21:05:41+00:00,rerank,train,v1,825,0.00003465,0.06914776
2026-09-29T21:05:41+00:00,rerank,train,v1,640,0.00002688,0.06917464
2026-09-29T21:05:41+00:00,rerank,train,v1,655,0.00002751,0.06920215
2026-09-29T21:05:41+00:00,rerank,train,v1,848,0.00003562,0.06923777
2026-09-29T21:05:41+00:00,rerank,train,v1,989,0.00004154,0.06927931
2026-09-29T21:05:41+00:00,rerank,train,v1,731,0.00003070,0.06931001
2026-09-29T21:05:41+00:00,rerank,train,v1,753,0.00003163,0.06934164
2026-09-29T21:05:41+00:00,rerank,train,v1,830,0.00003486,0.06937650
2026-09-29T21:05:41+00:00,rerank,train,v1,575,0.00002415,0.06940065
2026-09-29T21:05:41+00:00,rerank,train,v1,646,0.00002713,0.06942778
2026-09-29T21:05:41+00:00,rerank,train,v1,915,0.00003843,0.06946621
2026-09-29T21:05:41+00:00,rerank,train,v1,648,0.00002722,0.06949342
2026-09-29T21:05:41+00:00,rerank,train,v1,755,0.00003171,0.06952513
2026-09-29T21:05:41+00:00,rerank,train,v1,967,0.00004061,0.06956575
2026-09-29T21:05:41+00:00,rerank,train,v1,657,0.00002759,0.06959334
2026-09-29T21:05:41+00:00,rerank,train,v1,916,0.00003847,0.06963181
2026-09-29T21:05:41+00:00,rerank,train,v1,681,0.00002860,0.06966042
2026-09-29T21:05:41+00:00,rerank,train,v1,1138,0.00004780,0.06970821
2026-09-29T21:05:41+00:00,rerank,train,v1,810,0.00003402,0.06974223
2026-09-29T21:05:42+00:00,rerank,train,v1,1188,0.00004990,0.06979213
2026-09-29T21:05:42+00:00,rerank,train,v1,710,0.00002982,0.06982195
2026-09-29T21:05:42+00:00,rerank,train,v1,938,0.00003940,0.06986134
2026-09-29T21:05:42+00:00,rerank,train,v1,731,0.00003070,0.06989205
2026-09-29T21:05:42+00:00,rerank,train,v1,1161,0.00004876,0.06994081
2026-09-29T21:05:42+00:00,rerank,train,v1,953,0.00004003,0.06998083
2026-09-29T21:05:42+00:00,rerank,train,v1,811,0.00003406,0.07001490
2026-09-29T21:05:42+00:00,rerank,train,v1,911,0.00003826,0.07005316
2026-09-29T21:05:42+00:00,rerank,train,v1,839,0.00003524,0.07008840
2026-09-29T21:05:42+00:00,rerank,train,v1,982,0.00004124,0.07012964
2026-09-29T21:05:42+00:00,rerank,train,v1,1349,0.00005666,0.07018630
2026-09-29T21:05:42+00:00,rerank,train,v1,1185,0.00004977,0.07023607
2026-09-29T21:05:42+00:00,rerank,train,v1,1248,0.00005242,0.07028848
2026-09-29T21:05:42+00:00,rerank,train,v1,677,0.00002843,0.07031692
2026-09-29T21:05:42+00:00,rerank,train,v1,1275,0.00005355,0.07037047
2026-09-29T21:05:42+00:00,rerank,train,v1,834,0.00003503,0.07040550
2026-09-29T21:05:42+00:00,rerank,train,v1,878,0.00003688,0.07044237
2026-09-29T21:05:42+00:00,rerank,train,v1,800,0.00003360,0.07047597
2026-09-29T21:05:42+00:00,rerank,train,v1,728,0.00003058,0.07050655
2026-09-29T21:05:42+00:00,rerank,train,v1,697,0.00002927,0.07053582
2026-09-29T21:05:42+00:00,rerank,train,v1,938,0.00003940,0.07057522
2026-09-29T21:05:42+00:00,rerank,train,v1,1280,0.00005376,0.07062898
2026-09-29T21:05:42+00:00,rerank,train,v1,983,0.00004129,0.07067026
2026-09-29T21:05:42+00:00,rerank,train,v1,880,0.00003696,0.07070722
2026-09-29T21:05:42+00:00,rerank,train,v1,1012,0.00004250,0.07074973
2026-09-29T21:05:42+00:00,rerank,train,v1,677,0.00002843,0.07077816
2026-09-29T21:05:42+00:00,rerank,train,v1,768,0.00003226,0.07081042
2026-09-29T21:05:42+00:00,rerank,train,v1,563,0.00002365,0.07083406
2026-09-29T21:05:42+00:00,rerank,train,v1,900,0.00003780,0.07087186
2026-09-29T21:05:42+00:00,rerank,train,v1,844,0.00003545,0.07090731
2026-09-29T21:05:42+00:00,rerank,train,v1,934,0.00003923,0.07094654
2026-09-29T21:05:42+00:00,rerank,train,v1,974,0.00004091,0.07098745
2026-09-29T21:05:43+00:00,rerank,train,v1,984,0.00004133,0.07102878
2026-09-29T21:05:43+00:00,rerank,train,v1,1404,0.00005897,0.07108774
2026-09-29T21:05:43+00:00,rerank,train,v1,1224,0.00005141,0.07113915
2026-09-29T21:05:43+00:00,rerank,train,v1,947,0.00003977,0.07117893
2026-09-29T21:05:43+00:00,rerank,train,v1,1003,0.00004213,0.07122105
2026-09-29T21:05:43+00:00,rerank,train,v1,1869,0.00007850,0.07129955
2026-09-29T21:05:43+00:00,rerank,train,v1,1045,0.00004389,0.07134344
2026-09-29T21:05:43+00:00,rerank,train,v1,881,0.00003700,0.07138044
2026-09-29T21:05:43+00:00,rerank,train,v1,1182,0.00004964,0.07143009
2026-09-29T21:05:43+00:00,rerank,train,v1,823,0.00003457,0.07146465
2026-09-29T21:05:43+00:00,rerank,train,v1,1362,0.00005720,0.07152186
2026-09-29T21:05:43+00:00,rerank,train,v1,838,0.00003520,0.07155705
2026-09-29T21:05:43+00:00,rerank,train,v1,856,0.00003595,0.07159300
2026-09-29T21:05:43+00:00,rerank,train,v1,877,0.00003683,0.07162984
2026-09-29T21:05:43+00:00,rerank,train,v1,907,0.00003809,0.07166793
2026-09-29T21:05:43+00:00,rerank,train,v1,783,0.00003289,0.07170082
2026-09-29T21:05:43+00:00,rerank,train,v1,758,0.00003184,0.07173265
2026-09-29T21:05:43+00:00,rerank,train,v1,645,0.00002709,0.07175974
2026-09-29T21:05:43+00:00,rerank,train,v1,782,0.00003284,0.07179259
2026-09-29T21:05:43+00:00,rerank,train,v1,963,0.00004045,0.07183303
2026-09-29T21:05:43+00:00,rerank,train,v1,787,0.00003305,0.07186609
2026-09-29T21:05:43+00:00,rerank,train,v1,877,0.00003683,0.07190292
2026-09-29T21:05:43+00:00,rerank,train,v1,921,0.00003868,0.07194160
2026-09-29T21:05:43+00:00,rerank,train,v1,873,0.00003667,0.07197827
2026-09-29T21:05:43+00:00,rerank,train,v1,843,0.00003541,0.07201368
2026-09-29T21:05:43+00:00,rerank,train,v1,906,0.00003805,0.07205173
2026-09-29T21:05:43+00:00,rerank,train,v1,850,0.00003570,0.07208743
2026-09-29T21:05:43+00:00,rerank,train,v1,1055,0.00004431,0.07213174
2026-09-29T21:05:43+00:00,rerank,train,v1,710,0.00002982,0.07216156
2026-09-29T21:05:43+00:00,rerank,train,v1,862,0.00003620,0.07219776
2026-09-29T21:05:43+00:00,rerank,train,v1,689,0.00002894,0.07222670
2026-09-29T21:05:43+00:00,rerank,train,v1,593,0.00002491,0.07225161
2026-09-29T21:05:43+00:00,rerank,train,v1,688,0.00002890,0.07228050
2026-09-29T21:05:43+00:00,rerank,train,v1,652,0.00002738,0.07230789
2026-09-29T21:05:43+00:00,rerank,train,v1,586,0.00002461,0.07233250
2026-09-29T21:05:43+00:00,rerank,train,v1,802,0.00003368,0.07236618
2026-09-29T21:05:43+00:00,rerank,train,v1,689,0.00002894,0.07239512
2026-09-29T21:05:43+00:00,rerank,train,v1,607,0.00002549,0.07242061
2026-09-29T21:05:43+00:00,rerank,train,v1,649,0.00002726,0.07244787
2026-09-29T21:05:43+00:00,rerank,train,v1,668,0.00002806,0.07247593
2026-09-29T21:05:43+00:00,rerank,train,v1,696,0.00002923,0.07250516
2026-09-29T21:05:43+00:00,rerank,train,v1,713,0.00002995,0.07253511
2026-09-29T21:05:43+00:00,rerank,train,v1,628,0.00002638,0.07256148
2026-09-29T21:05:43+00:00,rerank,train,v1,633,0.00002659,0.07258807
2026-09-29T21:05:43+00:00,rerank,train,v1,557,0.00002339,0.07261146
2026-09-29T21:05:43+00:00,rerank,train,v1,709,0.00002978,0.07264124
2026-09-29T21:05:43+00:00,rerank,train,v1,719,0.00003020,0.07267144
2026-09-29T21:05:43+00:00,rerank,train,v1,779,0.00003272,0.07270416
2026-09-29T21:05:43+00:00,rerank,train,v1,588,0.00002470,0.07272885
2026-09-29T21:05:43+00:00,rerank,train,v1,611,0.00002566,0.07275451
2026-09-29T21:05:43+00:00,rerank,train,v1,611,0.00002566,0.07278018
2026-09-29T21:05:43+00:00,rerank,train,v1,636,0.00002671,0.07280689
2026-09-29T21:05:43+00:00,rerank,train,v1,647,0.00002717,0.07283406
2026-09-29T21:05:44+00:00,rerank,train,v1,783,0.00003289,0.07286695
2026-09-29T21:05:44+00:00,rerank,train,v1,691,0.00002902,0.07289597
2026-09-29T21:05:44+00:00,rerank,train,v1,796,0.00003343,0.07292940
2026-09-29T21:05:44+00:00,rerank,train,v1,589,0.00002474,0.07295414
2026-09-29T21:05:44+00:00,rerank,train,v1,691,0.00002902,0.07298316
2026-09-29T21:05:44+00:00,rerank,train,v1,739,0.00003104,0.07301420
2026-09-29T21:05:44+00:00,rerank,train,v1,704,0.00002957,0.07304377
2026-09-29T21:05:44+00:00,rerank,train,v1,875,0.00003675,0.07308052
2026-09-29T21:05:44+00:00,rerank,train,v1,743,0.00003121,0.07311172
2026-09-29T21:05:44+00:00,rerank,train,v1,811,0.00003406,0.07314579
2026-09-29T21:05:44+00:00,rerank,train,v1,683,0.00002869,0.07317447
2026-09-29T21:05:44+00:00,rerank,train,v1,730,0.00003066,0.07320513
2026-09-29T21:05:44+00:00,rerank,train,v1,608,0.00002554,0.07323067
2026-09-29T21:05:44+00:00,rerank,train,v1,1016,0.00004267,0.07327334
2026-09-29T21:05:44+00:00,rerank,train,v1,617,0.00002591,0.07329925
2026-09-29T21:05:44+00:00,rerank,train,v1,687,0.00002885,0.07332811
2026-09-29T21:05:44+00:00,rerank,train,v1,595,0.00002499,0.07335310
2026-09-29T21:05:44+00:00,rerank,train,v1,726,0.00003049,0.07338359
2026-09-29T21:05:44+00:00,rerank,train,v1,790,0.00003318,0.07341677
2026-09-29T21:05:44+00:00,rerank,train,v1,967,0.00004061,0.07345738
2026-09-29T21:05:44+00:00,rerank,train,v1,690,0.00002898,0.07348636
2026-09-29T21:05:44+00:00,rerank,train,v1,698,0.00002932,0.07351568
2026-09-29T21:05:44+00:00,rerank,train,v1,857,0.00003599,0.07355167
2026-09-29T21:05:44+00:00,rerank,train,v1,1136,0.00004771,0.07359939
2026-09-29T21:05:44+00:00,rerank,train,v1,861,0.00003616,0.07363555
2026-09-29T21:05:44+00:00,rerank,train,v1,743,0.00003121,0.07366675
2026-09-29T21:05:44+00:00,rerank,train,v1,589,0.00002474,0.07369149
2026-09-29T21:05:44+00:00,rerank,train,v1,630,0.00002646,0.07371795
2026-09-29T21:05:44+00:00,rerank,train,v1,585,0.00002457,0.07374252
2026-09-29T21:05:44+00:00,rerank,train,v1,993,0.00004171,0.07378423
2026-09-29T21:05:44+00:00,rerank,train,v1,665,0.00002793,0.07381216
2026-09-29T21:05:44+00:00,rerank,train,v1,663,0.00002785,0.07384000
2026-09-29T21:05:44+00:00,rerank,train,v1,700,0.00002940,0.07386940
2026-09-29T21:05:44+00:00,rerank,train,v1,799,0.00003356,0.07390296
2026-09-29T21:05:44+00:00,rerank,train,v1,578,0.00002428,0.07392724
2026-09-29T21:05:44+00:00,rerank,train,v1,692,0.00002906,0.07395630
2026-09-29T21:05:44+00:00,rerank,train,v1,800,0.00003360,0.07398990
2026-09-29T21:05:44+00:00,rerank,train,v1,766,0.00003217,0.07402207
2026-09-29T21:05:44+00:00,rerank,train,v1,775,0.00003255,0.07405462
2026-09-29T21:05:44+00:00,rerank,train,v1,770,0.00003234,0.07408696
2026-09-29T21:05:44+00:00,rerank,train,v1,736,0.00003091,0.07411788
2026-09-29T21:05:44+00:00,rerank,train,v1,811,0.00003406,0.07415194
2026-09-29T21:05:44+00:00,rerank,train,v1,747,0.00003137,0.07418331
2026-09-29T21:05:44+00:00,rerank,train,v1,882,0.00003704,0.07422036
2026-09-29T21:05:44+00:00,rerank,train,v1,905,0.00003801,0.07425837
2026-09-29T21:05:44+00:00,rerank,train,v1,645,0.00002709,0.07428546
2026-09-29T21:05:44+00:00,rerank,train,v1,901,0.00003784,0.07432330
2026-09-29T21:05:44+00:00,rerank,train,v1,814,0.00003419,0.07435749
2026-09-29T21:05:44+00:00,rerank,train,v1,811,0.00003406,0.07439155
2026-09-29T21:05:44+00:00,rerank,train,v1,925,0.00003885,0.07443040
2026-09-29T21:05:44+00:00,rerank,train,v1,699,0.00002936,0.07445976
2026-09-29T21:05:44+00:00,rerank,train,v1,647,0.00002717,0.07448693
2026-09-29T21:05:44+00:00,rerank,train,v1,746,0.00003133,0.07451826
2026-09-29T21:05:44+00:00,rerank,train,v1,877,0.00003683,0.07455510
2026-09-29T21:05:45+00:00,rerank,train,v1,641,0.00002692,0.07458202
2026-09-29T21:05:45+00:00,rerank,train,v1,639,0.00002684,0.07460886
2026-09-29T21:05:45+00:00,rerank,train,v1,653,0.00002743,0.07463628
2026-09-29T21:05:45+00:00,rerank,train,v1,601,0.00002524,0.07466152
2026-09-29T21:05:45+00:00,rerank,train,v1,736,0.00003091,0.07469244
2026-09-29T21:05:45+00:00,rerank,train,v1,623,0.00002617,0.07471860
2026-09-29T21:05:45+00:00,rerank,train,v1,709,0.00002978,0.07474838
2026-09-29T21:05:45+00:00,rerank,train,v1,705,0.00002961,0.07477799
2026-09-29T21:05:45+00:00,rerank,train,v1,713,0.00002995,0.07480794
2026-09-29T21:05:45+00:00,rerank,train,v1,622,0.00002612,0.07483406
2026-09-29T21:05:45+00:00,rerank,train,v1,734,0.00003083,0.07486489
2026-09-29T21:05:45+00:00,rerank,train,v1,775,0.00003255,0.07489744
2026-09-29T21:05:45+00:00,rerank,train,v1,630,0.00002646,0.07492390
2026-09-29T21:05:45+00:00,rerank,train,v1,752,0.00003158,0.07495548
2026-09-29T21:05:45+00:00,rerank,train,v1,628,0.00002638,0.07498186
2026-09-29T21:05:45+00:00,rerank,train,v1,905,0.00003801,0.07501987
2026-09-29T21:05:45+00:00,rerank,train,v1,1205,0.00005061,0.07507048
2026-09-29T21:05:45+00:00,rerank,train,v1,728,0.00003058,0.07510105
2026-09-29T21:05:45+00:00,rerank,train,v1,698,0.00002932,0.07513037
2026-09-29T21:05:45+00:00,rerank,train,v1,643,0.00002701,0.07515738
2026-09-29T21:05:45+00:00,rerank,train,v1,677,0.00002843,0.07518581
2026-09-29T21:05:45+00:00,rerank,train,v1,838,0.00003520,0.07522101
2026-09-29T21:05:45+00:00,rerank,train,v1,688,0.00002890,0.07524990
2026-09-29T21:05:45+00:00,rerank,train,v1,845,0.00003549,0.07528539
2026-09-29T21:05:45+00:00,rerank,train,v1,728,0.00003058,0.07531597
2026-09-29T21:05:45+00:00,rerank,train,v1,583,0.00002449,0.07534045
2026-09-29T21:05:45+00:00,rerank,train,v1,676,0.00002839,0.07536885
2026-09-29T21:05:45+00:00,rerank,train,v1,583,0.00002449,0.07539333
2026-09-29T21:05:45+00:00,rerank,train,v1,812,0.00003410,0.07542744
2026-09-29T21:05:45+00:00,rerank,train,v1,787,0.00003305,0.07546049
2026-09-29T21:05:45+00:00,rerank,train,v1,955,0.00004011,0.07550060
2026-09-29T21:05:45+00:00,rerank,train,v1,721,0.00003028,0.07553088
2026-09-29T21:05:45+00:00,rerank,train,v1,654,0.00002747,0.07555835
2026-09-29T21:05:45+00:00,rerank,train,v1,610,0.00002562,0.07558397
2026-09-29T21:05:45+00:00,rerank,train,v1,715,0.00003003,0.07561400
2026-09-29T21:05:45+00:00,rerank,train,v1,792,0.00003326,0.07564726
2026-09-29T21:05:45+00:00,rerank,train,v1,695,0.00002919,0.07567645
2026-09-29T21:05:45+00:00,rerank,train,v1,942,0.00003956,0.07571602
2026-09-29T21:05:45+00:00,rerank,train,v1,714,0.00002999,0.07574601
2026-09-29T21:05:45+00:00,rerank,train,v1,664,0.00002789,0.07577389
2026-09-29T21:05:45+00:00,rerank,train,v1,737,0.00003095,0.07580485
2026-09-29T21:05:45+00:00,rerank,train,v1,618,0.00002596,0.07583080
2026-09-29T21:05:45+00:00,rerank,train,v1,656,0.00002755,0.07585836
2026-09-29T21:05:45+00:00,rerank,train,v1,726,0.00003049,0.07588885
2026-09-29T21:05:45+00:00,rerank,train,v1,820,0.00003444,0.07592329
2026-09-29T21:05:45+00:00,rerank,train,v1,684,0.00002873,0.07595202
2026-09-29T21:05:45+00:00,rerank,train,v1,699,0.00002936,0.07598137
2026-09-29T21:05:45+00:00,rerank,train,v1,701,0.00002944,0.07601082
2026-09-29T21:05:45+00:00,rerank,train,v1,700,0.00002940,0.07604022
2026-09-29T21:05:45+00:00,rerank,train,v1,699,0.00002936,0.07606957
2026-09-29T21:05:45+00:00,rerank,train,v1,714,0.00002999,0.07609956
2026-09-29T21:05:45+00:00,rerank,train,v1,675,0.00002835,0.07612791
2026-09-29T21:05:45+00:00,rerank,train,v1,729,0.00003062,0.07615853
2026-09-29T21:05:45+00:00,rerank,train,v1,764,0.00003209,0.07619062
2026-09-29T21:05:45+00:00,rerank,train,v1,869,0.00003650,0.07622712
2026-09-29T21:05:45+00:00,rerank,train,v1,806,0.00003385,0.07626097
2026-09-29T21:05:46+00:00,rerank,train,v1,812,0.00003410,0.07629507
2026-09-29T21:05:46+00:00,rerank,train,v1,661,0.00002776,0.07632283
2026-09-29T21:05:46+00:00,rerank,train,v1,728,0.00003058,0.07635341
2026-09-29T21:05:46+00:00,rerank,train,v1,664,0.00002789,0.07638130
2026-09-29T21:05:46+00:00,rerank,train,v1,787,0.00003305,0.07641435
2026-09-29T21:05:46+00:00,rerank,train,v1,711,0.00002986,0.07644421
2026-09-29T21:05:46+00:00,rerank,train,v1,669,0.00002810,0.07647231
2026-09-29T21:05:46+00:00,rerank,train,v1,698,0.00002932,0.07650163
2026-09-29T21:05:46+00:00,rerank,train,v1,639,0.00002684,0.07652847
2026-09-29T21:05:46+00:00,rerank,train,v1,925,0.00003885,0.07656732
2026-09-29T21:05:46+00:00,rerank,train,v1,695,0.00002919,0.07659651
2026-09-29T21:05:46+00:00,rerank,train,v1,606,0.00002545,0.07662196
2026-09-29T21:05:46+00:00,rerank,train,v1,624,0.00002621,0.07664817
2026-09-29T21:05:46+00:00,rerank,train,v1,782,0.00003284,0.07668101
2026-09-29T21:05:46+00:00,rerank,train,v1,671,0.00002818,0.07670919
2026-09-29T21:05:46+00:00,rerank,train,v1,621,0.00002608,0.07673527
2026-09-29T21:05:46+00:00,rerank,train,v1,685,0.00002877,0.07676404
2026-09-29T21:05:46+00:00,rerank,train,v1,781,0.00003280,0.07679685
2026-09-29T21:05:46+00:00,rerank,train,v1,510,0.00002142,0.07681827
2026-09-29T21:05:46+00:00,rerank,train,v1,843,0.00003541,0.07685367
2026-09-29T21:05:46+00:00,rerank,train,v1,681,0.00002860,0.07688227
2026-09-29T21:05:46+00:00,rerank,train,v1,525,0.00002205,0.07690432
2026-09-29T21:05:46+00:00,rerank,train,v1,722,0.00003032,0.07693465
2026-09-29T21:05:46+00:00,rerank,train,v1,742,0.00003116,0.07696581
2026-09-29T21:05:46+00:00,rerank,train,v1,978,0.00004108,0.07700689
2026-09-29T21:05:46+00:00,rerank,train,v1,826,0.00003469,0.07704158
2026-09-29T21:05:46+00:00,rerank,train,v1,916,0.00003847,0.07708005
2026-09-29T21:05:46+00:00,rerank,train,v1,595,0.00002499,0.07710504
2026-09-29T21:05:46+00:00,rerank,train,v1,820,0.00003444,0.07713948
2026-09-29T21:05:46+00:00,rerank,train,v1,784,0.00003293,0.07717241
2026-09-29T21:05:46+00:00,rerank,train,v1,992,0.00004166,0.07721407
2026-09-29T21:05:46+00:00,rerank,train,v1,853,0.00003583,0.07724990
2026-09-29T21:05:46+00:00,rerank,train,v1,1083,0.00004549,0.07729539
2026-09-29T21:05:46+00:00,rerank,train,v1,795,0.00003339,0.07732878
2026-09-29T21:05:46+00:00,rerank,train,v1,791,0.00003322,0.07736200
2026-09-29T21:05:46+00:00,rerank,train,v1,711,0.00002986,0.07739186
2026-09-29T21:05:46+00:00,rerank,train,v1,490,0.00002058,0.07741244
2026-09-29T21:05:46+00:00,rerank,train,v1,620,0.00002604,0.07743848
2026-09-29T21:05:46+00:00,rerank,train,v1,857,0.00003599,0.07747447
2026-09-29T21:05:46+00:00,rerank,train,v1,877,0.00003683,0.07751131
2026-09-29T21:05:46+00:00,rerank,train,v1,958,0.00004024,0.07755154
2026-09-29T21:05:46+00:00,rerank,train,v1,857,0.00003599,0.07758754
2026-09-29T21:05:46+00:00,rerank,train,v1,1406,0.00005905,0.07764659
2026-09-29T21:05:46+00:00,rerank,train,v1,822,0.00003452,0.07768111
2026-09-29T21:05:46+00:00,rerank,train,v1,660,0.00002772,0.07770883
2026-09-29T21:05:46+00:00,rerank,train,v1,753,0.00003163,0.07774046
2026-09-29T21:05:46+00:00,rerank,train,v1,684,0.00002873,0.07776919
2026-09-29T21:05:47+00:00,rerank,train,v1,1285,0.00005397,0.07782316
2026-09-29T21:05:47+00:00,rerank,train,v1,1423,0.00005977,0.07788292
2026-09-29T21:05:47+00:00,rerank,train,v1,812,0.00003410,0.07791703
2026-09-29T21:05:47+00:00,rerank,train,v1,839,0.00003524,0.07795227
2026-09-29T21:05:47+00:00,rerank,train,v1,944,0.00003965,0.07799191
2026-09-29T21:05:47+00:00,rerank,train,v1,871,0.00003658,0.07802850
2026-09-29T21:05:47+00:00,rerank,train,v1,943,0.00003961,0.07806810
2026-09-29T21:05:47+00:00,rerank,train,v1,1084,0.00004553,0.07811363
2026-09-29T21:05:47+00:00,rerank,train,v1,1452,0.00006098,0.07817461
2026-09-29T21:05:47+00:00,rerank,train,v1,824,0.00003461,0.07820922
2026-09-29T21:05:47+00:00,rerank,train,v1,973,0.00004087,0.07825009
2026-09-29T21:05:47+00:00,rerank,train,v1,840,0.00003528,0.07828537
2026-09-29T21:05:47+00:00,rerank,train,v1,1170,0.00004914,0.07833451
2026-09-29T21:05:47+00:00,rerank,train,v1,695,0.00002919,0.07836370
2026-09-29T21:05:47+00:00,rerank,train,v1,1081,0.00004540,0.07840910
2026-09-29T21:05:47+00:00,rerank,train,v1,818,0.00003436,0.07844346
2026-09-29T21:05:47+00:00,rerank,train,v1,796,0.00003343,0.07847689
2026-09-29T21:05:47+00:00,rerank,train,v1,633,0.00002659,0.07850347
2026-09-29T21:05:47+00:00,rerank,train,v1,827,0.00003473,0.07853821
2026-09-29T21:05:47+00:00,rerank,train,v1,1135,0.00004767,0.07858588
2026-09-29T21:05:47+00:00,rerank,train,v1,674,0.00002831,0.07861419
2026-09-29T21:05:47+00:00,rerank,train,v1,940,0.00003948,0.07865367
2026-09-29T21:05:47+00:00,rerank,train,v1,997,0.00004187,0.07869554
2026-09-29T21:05:47+00:00,rerank,train,v1,793,0.00003331,0.07872885
2026-09-29T21:05:47+00:00,rerank,train,v1,869,0.00003650,0.07876534
2026-09-29T21:05:47+00:00,rerank,train,v1,686,0.00002881,0.07879416
2026-09-29T21:05:47+00:00,rerank,train,v1,966,0.00004057,0.07883473
2026-09-29T21:05:47+00:00,rerank,train,v1,691,0.00002902,0.07886375
2026-09-29T21:05:47+00:00,rerank,train,v1,877,0.00003683,0.07890058
2026-09-29T21:05:47+00:00,rerank,train,v1,728,0.00003058,0.07893116
2026-09-29T21:05:47+00:00,rerank,train,v1,778,0.00003268,0.07896384
2026-09-29T21:05:47+00:00,rerank,train,v1,986,0.00004141,0.07900525
2026-09-29T21:05:47+00:00,rerank,train,v1,734,0.00003083,0.07903608
2026-09-29T21:05:47+00:00,rerank,train,v1,796,0.00003343,0.07906951
2026-09-29T21:05:47+00:00,rerank,train,v1,793,0.00003331,0.07910281
2026-09-29T21:05:47+00:00,rerank,train,v1,566,0.00002377,0.07912659
2026-09-29T21:05:47+00:00,rerank,train,v1,684,0.00002873,0.07915531
2026-09-29T21:05:47+00:00,rerank,train,v1,779,0.00003272,0.07918803
2026-09-29T21:05:47+00:00,rerank,train,v1,682,0.00002864,0.07921668
2026-09-29T21:05:47+00:00,rerank,train,v1,988,0.00004150,0.07925817
2026-09-29T21:05:47+00:00,rerank,train,v1,803,0.00003373,0.07929190
2026-09-29T21:05:47+00:00,rerank,train,v1,783,0.00003289,0.07932478
2026-09-29T21:05:47+00:00,rerank,train,v1,526,0.00002209,0.07934688
2026-09-29T21:05:47+00:00,rerank,train,v1,953,0.00004003,0.07938690
2026-09-29T21:05:48+00:00,rerank,train,v1,979,0.00004112,0.07942802
2026-09-29T21:05:48+00:00,rerank,train,v1,1281,0.00005380,0.07948182
2026-09-29T21:05:48+00:00,rerank,train,v1,802,0.00003368,0.07951551
2026-09-29T21:05:48+00:00,rerank,train,v1,642,0.00002696,0.07954247
2026-09-29T21:05:48+00:00,rerank,train,v1,1059,0.00004448,0.07958695
2026-09-29T21:05:48+00:00,rerank,train,v1,827,0.00003473,0.07962168
2026-09-29T21:05:48+00:00,rerank,train,v1,892,0.00003746,0.07965915
2026-09-29T21:05:48+00:00,rerank,train,v1,1142,0.00004796,0.07970711
2026-09-29T21:05:48+00:00,rerank,train,v1,786,0.00003301,0.07974012
2026-09-29T21:05:48+00:00,rerank,train,v1,582,0.00002444,0.07976457
2026-09-29T21:05:48+00:00,rerank,train,v1,701,0.00002944,0.07979401
2026-09-29T21:05:48+00:00,rerank,train,v1,919,0.00003860,0.07983261
2026-09-29T21:05:48+00:00,rerank,train,v1,658,0.00002764,0.07986024
2026-09-29T21:05:48+00:00,rerank,train,v1,729,0.00003062,0.07989086
2026-09-29T21:05:48+00:00,rerank,train,v1,717,0.00003011,0.07992097
2026-09-29T21:05:48+00:00,rerank,train,v1,915,0.00003843,0.07995940
2026-09-29T21:05:48+00:00,rerank,train,v1,660,0.00002772,0.07998712
2026-09-29T21:05:48+00:00,rerank,train,v1,721,0.00003028,0.08001741
2026-09-29T21:05:48+00:00,rerank,train,v1,788,0.00003310,0.08005050
2026-09-29T21:05:48+00:00,rerank,train,v1,745,0.00003129,0.08008179
2026-09-29T21:05:48+00:00,rerank,train,v1,709,0.00002978,0.08011157
2026-09-29T21:05:48+00:00,rerank,train,v1,866,0.00003637,0.08014794
2026-09-29T21:05:48+00:00,rerank,train,v1,728,0.00003058,0.08017852
2026-09-29T21:05:48+00:00,rerank,train,v1,881,0.00003700,0.08021552
2026-09-29T21:05:48+00:00,rerank,train,v1,774,0.00003251,0.08024803
2026-09-29T21:05:48+00:00,rerank,train,v1,796,0.00003343,0.08028146
2026-09-29T21:05:48+00:00,rerank,train,v1,871,0.00003658,0.08031804
2026-09-29T21:05:48+00:00,rerank,train,v1,763,0.00003205,0.08035009
2026-09-29T21:05:48+00:00,rerank,train,v1,603,0.00002533,0.08037541
2026-09-29T21:05:48+00:00,rerank,train,v1,949,0.00003986,0.08041527
2026-09-29T21:05:48+00:00,rerank,train,v1,668,0.00002806,0.08044333
2026-09-29T21:05:48+00:00,rerank,train,v1,737,0.00003095,0.08047428
2026-09-29T21:05:48+00:00,rerank,train,v1,838,0.00003520,0.08050948
2026-09-29T21:05:48+00:00,rerank,train,v1,671,0.00002818,0.08053766
2026-09-29T21:05:48+00:00,rerank,train,v1,689,0.00002894,0.08056660
2026-09-29T21:05:48+00:00,rerank,train,v1,908,0.00003814,0.08060473
2026-09-29T21:05:48+00:00,rerank,train,v1,834,0.00003503,0.08063976
2026-09-29T21:05:48+00:00,rerank,train,v1,706,0.00002965,0.08066941
2026-09-29T21:05:48+00:00,rerank,train,v1,714,0.00002999,0.08069940
2026-09-29T21:05:48+00:00,rerank,train,v1,1096,0.00004603,0.08074543
2026-09-29T21:05:48+00:00,rerank,train,v1,653,0.00002743,0.08077286
2026-09-29T21:05:48+00:00,rerank,train,v1,1038,0.00004360,0.08081646
2026-09-29T21:05:48+00:00,rerank,train,v1,716,0.00003007,0.08084653
2026-09-29T21:05:48+00:00,rerank,train,v1,807,0.00003389,0.08088042
2026-09-29T21:05:49+00:00,rerank,train,v1,565,0.00002373,0.08090415
2026-09-29T21:05:49+00:00,rerank,train,v1,854,0.00003587,0.08094002
2026-09-29T21:05:49+00:00,rerank,train,v1,728,0.00003058,0.08097060
2026-09-29T21:05:49+00:00,rerank,train,v1,644,0.00002705,0.08099764
2026-09-29T21:05:49+00:00,rerank,train,v1,857,0.00003599,0.08103364
2026-09-29T21:05:49+00:00,rerank,train,v1,887,0.00003725,0.08107089
2026-09-29T21:05:49+00:00,rerank,train,v1,830,0.00003486,0.08110575
2026-09-29T21:05:49+00:00,rerank,train,v1,734,0.00003083,0.08113658
2026-09-29T21:05:49+00:00,rerank,train,v1,712,0.00002990,0.08116648
2026-09-29T21:05:49+00:00,rerank,train,v1,674,0.00002831,0.08119479
2026-09-29T21:05:49+00:00,rerank,train,v1,630,0.00002646,0.08122125
2026-09-29T21:05:49+00:00,rerank,train,v1,704,0.00002957,0.08125082
2026-09-29T21:05:49+00:00,rerank,train,v1,602,0.00002528,0.08127610
2026-09-29T21:05:49+00:00,rerank,train,v1,683,0.00002869,0.08130479
2026-09-29T21:05:49+00:00,rerank,train,v1,654,0.00002747,0.08133226
2026-09-29T21:05:49+00:00,rerank,train,v1,881,0.00003700,0.08136926
2026-09-29T21:05:49+00:00,rerank,train,v1,813,0.00003415,0.08140341
2026-09-29T21:05:49+00:00,rerank,train,v1,749,0.00003146,0.08143486
2026-09-29T21:05:49+00:00,rerank,train,v1,700,0.00002940,0.08146426
2026-09-29T21:05:49+00:00,rerank,train,v1,888,0.00003730,0.08150156
2026-09-29T21:05:49+00:00,rerank,train,v1,769,0.00003230,0.08153386
2026-09-29T21:05:49+00:00,rerank,train,v1,709,0.00002978,0.08156364
2026-09-29T21:05:49+00:00,rerank,train,v1,639,0.00002684,0.08159047
2026-09-29T21:05:49+00:00,rerank,train,v1,1338,0.00005620,0.08164667
2026-09-29T21:05:49+00:00,rerank,train,v1,637,0.00002675,0.08167342
2026-09-29T21:05:49+00:00,rerank,train,v1,855,0.00003591,0.08170933
2026-09-29T21:05:49+00:00,rerank,train,v1,804,0.00003377,0.08174310
2026-09-29T21:05:49+00:00,rerank,train,v1,610,0.00002562,0.08176872
2026-09-29T21:05:49+00:00,rerank,train,v1,712,0.00002990,0.08179863
2026-09-29T21:05:49+00:00,rerank,train,v1,688,0.00002890,0.08182752
2026-09-29T21:05:49+00:00,rerank,train,v1,1118,0.00004696,0.08187448
2026-09-29T21:05:49+00:00,rerank,train,v1,657,0.00002759,0.08190207
2026-09-29T21:05:49+00:00,rerank,train,v1,808,0.00003394,0.08193601
2026-09-29T21:05:49+00:00,rerank,train,v1,713,0.00002995,0.08196595
2026-09-29T21:05:49+00:00,rerank,train,v1,592,0.00002486,0.08199082
2026-09-29T21:05:49+00:00,rerank,train,v1,855,0.00003591,0.08202673
2026-09-29T21:05:49+00:00,rerank,train,v1,821,0.00003448,0.08206121
2026-09-29T21:05:49+00:00,rerank,train,v1,765,0.00003213,0.08209334
2026-09-29T21:05:49+00:00,rerank,train,v1,702,0.00002948,0.08212282
2026-09-29T21:05:49+00:00,rerank,train,v1,602,0.00002528,0.08214811
2026-09-29T21:05:49+00:00,rerank,train,v1,746,0.00003133,0.08217944
2026-09-29T21:05:49+00:00,rerank,train,v1,700,0.00002940,0.08220884
2026-09-29T21:05:49+00:00,rerank,train,v1,859,0.00003608,0.08224492
2026-09-29T21:05:49+00:00,rerank,train,v1,743,0.00003121,0.08227612
2026-09-29T21:05:49+00:00,rerank,train,v1,630,0.00002646,0.08230258
2026-09-29T21:05:49+00:00,rerank,train,v1,849,0.00003566,0.08233824
2026-09-29T21:05:49+00:00,rerank,train,v1,697,0.00002927,0.08236752
2026-09-29T21:05:49+00:00,rerank,train,v1,722,0.00003032,0.08239784
2026-09-29T21:05:49+00:00,rerank,train,v1,641,0.00002692,0.08242476
2026-09-29T21:05:49+00:00,rerank,train,v1,837,0.00003515,0.08245992
2026-09-29T21:05:49+00:00,rerank,train,v1,934,0.00003923,0.08249914
2026-09-29T21:05:49+00:00,rerank,train,v1,647,0.00002717,0.08252632
2026-09-29T21:05:49+00:00,rerank,train,v1,847,0.00003557,0.08256189
2026-09-29T21:05:49+00:00,rerank,train,v1,820,0.00003444,0.08259633
2026-09-29T21:05:50+00:00,rerank,train,v1,725,0.00003045,0.08262678
2026-09-29T21:05:50+00:00,rerank,train,v1,758,0.00003184,0.08265862
2026-09-29T21:05:50+00:00,rerank,train,v1,1259,0.00005288,0.08271150
2026-09-29T21:05:50+00:00,rerank,train,v1,902,0.00003788,0.08274938
2026-09-29T21:05:50+00:00,rerank,train,v1,826,0.00003469,0.08278407
2026-09-29T21:05:50+00:00,rerank,train,v1,826,0.00003469,0.08281876
2026-09-29T21:05:50+00:00,rerank,train,v1,862,0.00003620,0.08285497
2026-09-29T21:05:50+00:00,rerank,train,v1,763,0.00003205,0.08288701
2026-09-29T21:05:50+00:00,rerank,train,v1,851,0.00003574,0.08292276
2026-09-29T21:05:50+00:00,rerank,train,v1,797,0.00003347,0.08295623
2026-09-29T21:05:50+00:00,rerank,train,v1,836,0.00003511,0.08299134
2026-09-29T21:05:50+00:00,rerank,train,v1,601,0.00002524,0.08301658
2026-09-29T21:05:50+00:00,rerank,train,v1,707,0.00002969,0.08304628
2026-09-29T21:05:50+00:00,rerank,train,v1,774,0.00003251,0.08307879
2026-09-29T21:05:50+00:00,rerank,train,v1,820,0.00003444,0.08311323
2026-09-29T21:05:50+00:00,rerank,train,v1,814,0.00003419,0.08314741
2026-09-29T21:05:50+00:00,rerank,train,v1,729,0.00003062,0.08317803
2026-09-29T21:05:50+00:00,rerank,train,v1,846,0.00003553,0.08321356
2026-09-29T21:05:50+00:00,rerank,train,v1,702,0.00002948,0.08324305
2026-09-29T21:05:50+00:00,rerank,train,v1,754,0.00003167,0.08327472
2026-09-29T21:05:50+00:00,rerank,train,v1,671,0.00002818,0.08330290
2026-09-29T21:05:50+00:00,rerank,train,v1,689,0.00002894,0.08333184
2026-09-29T21:05:50+00:00,rerank,train,v1,670,0.00002814,0.08335998
2026-09-29T21:05:50+00:00,rerank,train,v1,675,0.00002835,0.08338833
2026-09-29T21:05:50+00:00,rerank,train,v1,641,0.00002692,0.08341525
2026-09-29T21:05:50+00:00,rerank,train,v1,1006,0.00004225,0.08345750
2026-09-29T21:05:50+00:00,rerank,train,v1,769,0.00003230,0.08348980
2026-09-29T21:05:50+00:00,rerank,train,v1,586,0.00002461,0.08351441
2026-09-29T21:05:50+00:00,rerank,train,v1,774,0.00003251,0.08354692
2026-09-29T21:05:50+00:00,rerank,train,v1,678,0.00002848,0.08357539
2026-09-29T21:05:50+00:00,rerank,train,v1,1043,0.00004381,0.08361920
2026-09-29T21:05:50+00:00,rerank,train,v1,888,0.00003730,0.08365650
2026-09-29T21:05:50+00:00,rerank,train,v1,716,0.00003007,0.08368657
2026-09-29T21:05:50+00:00,rerank,train,v1,581,0.00002440,0.08371097
2026-09-29T21:05:50+00:00,rerank,train,v1,781,0.00003280,0.08374377
2026-09-29T21:05:50+00:00,rerank,train,v1,621,0.00002608,0.08376985
2026-09-29T21:05:50+00:00,rerank,train,v1,917,0.00003851,0.08380837
2026-09-29T21:05:50+00:00,rerank,train,v1,658,0.00002764,0.08383600
2026-09-29T21:05:50+00:00,rerank,train,v1,841,0.00003532,0.08387133
2026-09-29T21:05:50+00:00,rerank,train,v1,760,0.00003192,0.08390325
2026-09-29T21:05:50+00:00,rerank,train,v1,647,0.00002717,0.08393042
2026-09-29T21:05:50+00:00,rerank,train,v1,771,0.00003238,0.08396280
2026-09-29T21:05:50+00:00,rerank,train,v1,885,0.00003717,0.08399997
2026-09-29T21:05:50+00:00,rerank,train,v1,1101,0.00004624,0.08404621
2026-09-29T21:05:50+00:00,rerank,train,v1,850,0.00003570,0.08408191
2026-09-29T21:05:50+00:00,rerank,train,v1,699,0.00002936,0.08411127
2026-09-29T21:05:50+00:00,rerank,train,v1,704,0.00002957,0.08414084
2026-09-29T21:05:50+00:00,rerank,train,v1,943,0.00003961,0.08418045
2026-09-29T21:05:50+00:00,rerank,train,v1,763,0.00003205,0.08421249
2026-09-29T21:05:50+00:00,rerank,train,v1,734,0.00003083,0.08424332
2026-09-29T21:05:50+00:00,rerank,train,v1,706,0.00002965,0.08427297
2026-09-29T21:05:50+00:00,rerank,train,v1,658,0.00002764,0.08430061
2026-09-29T21:05:50+00:00,rerank,train,v1,849,0.00003566,0.08433627
2026-09-29T21:05:51+00:00,rerank,train,v1,965,0.00004053,0.08437680
2026-09-29T21:05:51+00:00,rerank,train,v1,807,0.00003389,0.08441069
2026-09-29T21:05:51+00:00,rerank,train,v1,749,0.00003146,0.08444215
2026-09-29T21:05:51+00:00,rerank,train,v1,744,0.00003125,0.08447340
2026-09-29T21:05:51+00:00,rerank,train,v1,719,0.00003020,0.08450359
2026-09-29T21:05:51+00:00,rerank,train,v1,714,0.00002999,0.08453358
2026-09-29T21:05:51+00:00,rerank,train,v1,628,0.00002638,0.08455996
2026-09-29T21:05:51+00:00,rerank,train,v1,832,0.00003494,0.08459490
2026-09-29T21:05:51+00:00,rerank,train,v1,638,0.00002680,0.08462170
2026-09-29T21:05:51+00:00,rerank,train,v1,656,0.00002755,0.08464925
2026-09-29T21:05:51+00:00,rerank,train,v1,799,0.00003356,0.08468281
2026-09-29T21:05:51+00:00,rerank,train,v1,1062,0.00004460,0.08472741
2026-09-29T21:05:51+00:00,rerank,train,v1,630,0.00002646,0.08475387
2026-09-29T21:05:51+00:00,rerank,train,v1,692,0.00002906,0.08478294
2026-09-29T21:05:51+00:00,rerank,train,v1,651,0.00002734,0.08481028
2026-09-29T21:05:51+00:00,rerank,train,v1,768,0.00003226,0.08484253
2026-09-29T21:05:51+00:00,rerank,train,v1,786,0.00003301,0.08487555
2026-09-29T21:05:51+00:00,rerank,train,v1,682,0.00002864,0.08490419
2026-09-29T21:05:51+00:00,rerank,train,v1,577,0.00002423,0.08492842
2026-09-29T21:05:51+00:00,rerank,train,v1,795,0.00003339,0.08496181
2026-09-29T21:05:51+00:00,rerank,train,v1,625,0.00002625,0.08498806
2026-09-29T21:05:51+00:00,rerank,train,v1,831,0.00003490,0.08502297
2026-09-29T21:05:51+00:00,rerank,train,v1,705,0.00002961,0.08505258
2026-09-29T21:05:51+00:00,rerank,train,v1,771,0.00003238,0.08508496
2026-09-29T21:05:51+00:00,rerank,train,v1,705,0.00002961,0.08511457
2026-09-29T21:05:51+00:00,rerank,train,v1,676,0.00002839,0.08514296
2026-09-29T21:05:51+00:00,rerank,train,v1,785,0.00003297,0.08517593
2026-09-29T21:05:51+00:00,rerank,train,v1,639,0.00002684,0.08520277
2026-09-29T21:05:51+00:00,rerank,train,v1,742,0.00003116,0.08523393
2026-09-29T21:05:51+00:00,rerank,train,v1,717,0.00003011,0.08526405
2026-09-29T21:05:51+00:00,rerank,train,v1,706,0.00002965,0.08529370
2026-09-29T21:05:51+00:00,rerank,train,v1,912,0.00003830,0.08533200
2026-09-29T21:05:51+00:00,rerank,train,v1,746,0.00003133,0.08536333
2026-09-29T21:05:51+00:00,rerank,train,v1,748,0.00003142,0.08539475
2026-09-29T21:05:51+00:00,rerank,train,v1,836,0.00003511,0.08542986
2026-09-29T21:05:51+00:00,rerank,train,v1,656,0.00002755,0.08545741
2026-09-29T21:05:51+00:00,rerank,train,v1,955,0.00004011,0.08549752
2026-09-29T21:05:51+00:00,rerank,train,v1,744,0.00003125,0.08552877
2026-09-29T21:05:51+00:00,rerank,train,v1,975,0.00004095,0.08556972
2026-09-29T21:05:51+00:00,rerank,train,v1,763,0.00003205,0.08560177
2026-09-29T21:05:51+00:00,rerank,train,v1,734,0.00003083,0.08563260
2026-09-29T21:05:51+00:00,rerank,train,v1,615,0.00002583,0.08565843
2026-09-29T21:05:51+00:00,rerank,train,v1,735,0.00003087,0.08568930
2026-09-29T21:05:51+00:00,rerank,train,v1,672,0.00002822,0.08571752
2026-09-29T21:05:52+00:00,rerank,train,v1,1016,0.00004267,0.08576019
2026-09-29T21:05:52+00:00,rerank,train,v1,697,0.00002927,0.08578947
2026-09-29T21:05:52+00:00,rerank,train,v1,796,0.00003343,0.08582290
2026-09-29T21:05:52+00:00,rerank,train,v1,577,0.00002423,0.08584713
2026-09-29T21:05:52+00:00,rerank,train,v1,635,0.00002667,0.08587380
2026-09-29T21:05:52+00:00,rerank,train,v1,649,0.00002726,0.08590106
2026-09-29T21:05:52+00:00,rerank,train,v1,602,0.00002528,0.08592634
2026-09-29T21:05:52+00:00,rerank,train,v1,634,0.00002663,0.08595297
2026-09-29T21:05:52+00:00,rerank,train,v1,697,0.00002927,0.08598225
2026-09-29T21:05:52+00:00,rerank,train,v1,780,0.00003276,0.08601501
2026-09-29T21:05:52+00:00,rerank,train,v1,593,0.00002491,0.08603991
2026-09-29T21:05:52+00:00,rerank,train,v1,716,0.00003007,0.08606998
2026-09-29T21:05:52+00:00,rerank,train,v1,664,0.00002789,0.08609787
2026-09-29T21:05:52+00:00,rerank,train,v1,689,0.00002894,0.08612681
2026-09-29T21:05:52+00:00,rerank,train,v1,803,0.00003373,0.08616054
2026-09-29T21:05:52+00:00,rerank,train,v1,688,0.00002890,0.08618943
2026-09-29T21:05:52+00:00,rerank,train,v1,792,0.00003326,0.08622270
2026-09-29T21:05:52+00:00,rerank,train,v1,681,0.00002860,0.08625130
2026-09-29T21:05:52+00:00,rerank,train,v1,702,0.00002948,0.08628078
2026-09-29T21:05:52+00:00,rerank,train,v1,952,0.00003998,0.08632077
2026-09-29T21:05:52+00:00,rerank,train,v1,805,0.00003381,0.08635458
2026-09-29T21:05:52+00:00,rerank,train,v1,877,0.00003683,0.08639141
2026-09-29T21:05:52+00:00,rerank,train,v1,537,0.00002255,0.08641396
2026-09-29T21:05:52+00:00,rerank,train,v1,670,0.00002814,0.08644210
2026-09-29T21:05:52+00:00,rerank,train,v1,684,0.00002873,0.08647083
2026-09-29T21:05:52+00:00,rerank,train,v1,813,0.00003415,0.08650498
2026-09-29T21:05:52+00:00,rerank,train,v1,703,0.00002953,0.08653450
2026-09-29T21:05:52+00:00,rerank,train,v1,689,0.00002894,0.08656344
2026-09-29T21:05:52+00:00,rerank,train,v1,525,0.00002205,0.08658549
2026-09-29T21:05:52+00:00,rerank,train,v1,680,0.00002856,0.08661405
2026-09-29T21:05:52+00:00,rerank,train,v1,2006,0.00008425,0.08669830
2026-09-29T21:05:52+00:00,rerank,train,v1,550,0.00002310,0.08672140
2026-09-29T21:05:52+00:00,rerank,train,v1,680,0.00002856,0.08674996
2026-09-29T21:05:52+00:00,rerank,train,v1,803,0.00003373,0.08678369
2026-09-29T21:05:52+00:00,rerank,train,v1,680,0.00002856,0.08681225
2026-09-29T21:05:52+00:00,rerank,train,v1,814,0.00003419,0.08684644
2026-09-29T21:05:52+00:00,rerank,train,v1,816,0.00003427,0.08688071
2026-09-29T21:05:52+00:00,rerank,train,v1,897,0.00003767,0.08691838
2026-09-29T21:05:52+00:00,rerank,train,v1,915,0.00003843,0.08695681
2026-09-29T21:05:52+00:00,rerank,train,v1,585,0.00002457,0.08698138
2026-09-29T21:05:53+00:00,rerank,train,v1,764,0.00003209,0.08701347
2026-09-29T21:05:53+00:00,rerank,train,v1,690,0.00002898,0.08704245
2026-09-29T21:05:53+00:00,rerank,train,v1,680,0.00002856,0.08707101
2026-09-29T21:05:53+00:00,rerank,train,v1,833,0.00003499,0.08710600
2026-09-29T21:05:53+00:00,rerank,train,v1,779,0.00003272,0.08713872
2026-09-29T21:05:53+00:00,rerank,train,v1,627,0.00002633,0.08716505
2026-09-29T21:05:53+00:00,rerank,train,v1,627,0.00002633,0.08719138
2026-09-29T21:05:53+00:00,rerank,train,v1,857,0.00003599,0.08722738
2026-09-29T21:05:53+00:00,rerank,train,v1,876,0.00003679,0.08726417
2026-09-29T21:05:53+00:00,rerank,train,v1,743,0.00003121,0.08729538
2026-09-29T21:05:53+00:00,rerank,train,v1,718,0.00003016,0.08732553
2026-09-29T21:05:53+00:00,rerank,train,v1,675,0.00002835,0.08735388
2026-09-29T21:05:53+00:00,rerank,train,v1,1054,0.00004427,0.08739815
2026-09-29T21:05:53+00:00,rerank,train,v1,698,0.00002932,0.08742747
2026-09-29T21:05:53+00:00,rerank,train,v1,853,0.00003583,0.08746329
2026-09-29T21:05:53+00:00,rerank,train,v1,711,0.00002986,0.08749315
2026-09-29T21:05:53+00:00,rerank,train,v1,698,0.00002932,0.08752247
2026-09-29T21:05:53+00:00,rerank,train,v1,572,0.00002402,0.08754649
2026-09-29T21:05:53+00:00,rerank,train,v1,839,0.00003524,0.08758173
2026-09-29T21:05:53+00:00,rerank,train,v1,796,0.00003343,0.08761516
2026-09-29T21:05:53+00:00,rerank,train,v1,695,0.00002919,0.08764435
2026-09-29T21:05:53+00:00,rerank,train,v1,908,0.00003814,0.08768249
2026-09-29T21:05:53+00:00,rerank,train,v1,771,0.00003238,0.08771487
2026-09-29T21:05:53+00:00,rerank,train,v1,859,0.00003608,0.08775095
2026-09-29T21:05:53+00:00,rerank,train,v1,739,0.00003104,0.08778199
2026-09-29T21:05:53+00:00,rerank,train,v1,757,0.00003179,0.08781378
2026-09-29T21:05:53+00:00,rerank,train,v1,675,0.00002835,0.08784213
2026-09-29T21:05:53+00:00,rerank,train,v1,1106,0.00004645,0.08788858
2026-09-29T21:05:53+00:00,rerank,train,v1,652,0.00002738,0.08791597
2026-09-29T21:05:53+00:00,rerank,train,v1,795,0.00003339,0.08794936
2026-09-29T21:05:53+00:00,rerank,train,v1,705,0.00002961,0.08797897
2026-09-29T21:05:53+00:00,rerank,train,v1,528,0.00002218,0.08800114
2026-09-29T21:05:53+00:00,rerank,train,v1,755,0.00003171,0.08803285
2026-09-29T21:05:53+00:00,rerank,train,v1,762,0.00003200,0.08806486
2026-09-29T21:05:53+00:00,rerank,train,v1,795,0.00003339,0.08809825
2026-09-29T21:05:53+00:00,rerank,train,v1,687,0.00002885,0.08812710
2026-09-29T21:05:53+00:00,rerank,train,v1,742,0.00003116,0.08815827
2026-09-29T21:05:53+00:00,rerank,train,v1,923,0.00003877,0.08819703
2026-09-29T21:05:53+00:00,rerank,train,v1,882,0.00003704,0.08823408
2026-09-29T21:05:53+00:00,rerank,train,v1,889,0.00003734,0.08827141
2026-09-29T21:05:53+00:00,rerank,train,v1,638,0.00002680,0.08829821
2026-09-29T21:05:53+00:00,rerank,train,v1,844,0.00003545,0.08833366
2026-09-29T21:05:54+00:00,rerank,train,v1,832,0.00003494,0.08836860
2026-09-29T21:05:54+00:00,rerank,train,v1,874,0.00003671,0.08840531
2026-09-29T21:05:54+00:00,rerank,train,v1,659,0.00002768,0.08843299
2026-09-29T21:05:54+00:00,rerank,train,v1,829,0.00003482,0.08846781
2026-09-29T21:05:54+00:00,rerank,train,v1,849,0.00003566,0.08850346
2026-09-29T21:05:54+00:00,rerank,train,v1,791,0.00003322,0.08853669
2026-09-29T21:05:54+00:00,rerank,train,v1,816,0.00003427,0.08857096
2026-09-29T21:05:54+00:00,rerank,train,v1,981,0.00004120,0.08861216
2026-09-29T21:05:54+00:00,rerank,train,v1,677,0.00002843,0.08864059
2026-09-29T21:05:54+00:00,rerank,train,v1,774,0.00003251,0.08867310
2026-09-29T21:05:54+00:00,rerank,train,v1,684,0.00002873,0.08870183
2026-09-29T21:05:54+00:00,rerank,train,v1,740,0.00003108,0.08873291
2026-09-29T21:05:54+00:00,rerank,train,v1,866,0.00003637,0.08876928
2026-09-29T21:05:54+00:00,rerank,train,v1,793,0.00003331,0.08880259
2026-09-29T21:05:54+00:00,rerank,train,v1,853,0.00003583,0.08883841
2026-09-29T21:05:54+00:00,rerank,train,v1,874,0.00003671,0.08887512
2026-09-29T21:05:54+00:00,rerank,train,v1,747,0.00003137,0.08890650
2026-09-29T21:05:54+00:00,rerank,train,v1,890,0.00003738,0.08894388
2026-09-29T21:05:54+00:00,rerank,train,v1,853,0.00003583,0.08897970
2026-09-29T21:05:54+00:00,rerank,train,v1,880,0.00003696,0.08901666
2026-09-29T21:05:54+00:00,rerank,train,v1,632,0.00002654,0.08904321
2026-09-29T21:05:54+00:00,rerank,train,v1,705,0.00002961,0.08907282
2026-09-29T21:05:54+00:00,rerank,train,v1,634,0.00002663,0.08909944
2026-09-29T21:05:54+00:00,rerank,train,v1,737,0.00003095,0.08913040
2026-09-29T21:05:54+00:00,rerank,train,v1,649,0.00002726,0.08915766
2026-09-29T21:05:54+00:00,rerank,train,v1,725,0.00003045,0.08918811
2026-09-29T21:05:54+00:00,rerank,train,v1,608,0.00002554,0.08921364
2026-09-29T21:05:54+00:00,rerank,train,v1,676,0.00002839,0.08924203
2026-09-29T21:05:54+00:00,rerank,train,v1,679,0.00002852,0.08927055
2026-09-29T21:05:54+00:00,rerank,train,v1,918,0.00003856,0.08930911
2026-09-29T21:05:54+00:00,rerank,train,v1,780,0.00003276,0.08934187
2026-09-29T21:05:54+00:00,rerank,train,v1,739,0.00003104,0.08937291
2026-09-29T21:05:54+00:00,rerank,train,v1,748,0.00003142,0.08940432
2026-09-29T21:05:54+00:00,rerank,train,v1,777,0.00003263,0.08943696
2026-09-29T21:05:54+00:00,rerank,train,v1,678,0.00002848,0.08946543
2026-09-29T21:05:54+00:00,rerank,train,v1,1104,0.00004637,0.08951180
2026-09-29T21:05:54+00:00,rerank,train,v1,802,0.00003368,0.08954548
2026-09-29T21:05:54+00:00,rerank,train,v1,617,0.00002591,0.08957140
2026-09-29T21:05:54+00:00,rerank,train,v1,687,0.00002885,0.08960025
2026-09-29T21:05:54+00:00,rerank,train,v1,788,0.00003310,0.08963335
2026-09-29T21:05:54+00:00,rerank,train,v1,679,0.00002852,0.08966187
2026-09-29T21:05:54+00:00,rerank,train,v1,846,0.00003553,0.08969740
2026-09-29T21:05:54+00:00,rerank,train,v1,653,0.00002743,0.08972482
2026-09-29T21:05:54+00:00,rerank,train,v1,855,0.00003591,0.08976073
2026-09-29T21:05:54+00:00,rerank,train,v1,835,0.00003507,0.08979580
2026-09-29T21:05:55+00:00,rerank,train,v1,1217,0.00005111,0.08984692
2026-09-29T21:05:55+00:00,rerank,train,v1,777,0.00003263,0.08987955
2026-09-29T21:05:55+00:00,rerank,train,v1,645,0.00002709,0.08990664
2026-09-29T21:05:55+00:00,rerank,train,v1,863,0.00003625,0.08994289
2026-09-29T21:05:55+00:00,rerank,train,v1,720,0.00003024,0.08997313
2026-09-29T21:05:55+00:00,rerank,train,v1,721,0.00003028,0.09000341
2026-09-29T21:05:55+00:00,rerank,train,v1,738,0.00003100,0.09003441
2026-09-29T21:05:55+00:00,rerank,train,v1,763,0.00003205,0.09006645
2026-09-29T21:05:55+00:00,rerank,train,v1,701,0.00002944,0.09009589
2026-09-29T21:05:55+00:00,rerank,train,v1,627,0.00002633,0.09012223
2026-09-29T21:05:55+00:00,rerank,train,v1,661,0.00002776,0.09014999
2026-09-29T21:05:55+00:00,rerank,train,v1,740,0.00003108,0.09018107
2026-09-29T21:05:55+00:00,rerank,train,v1,684,0.00002873,0.09020980
2026-09-29T21:05:55+00:00,rerank,train,v1,835,0.00003507,0.09024487
2026-09-29T21:05:55+00:00,rerank,train,v1,481,0.00002020,0.09026507
2026-09-29T21:05:55+00:00,rerank,train,v1,803,0.00003373,0.09029880
2026-09-29T21:05:55+00:00,rerank,train,v1,532,0.00002234,0.09032114
2026-09-29T21:05:55+00:00,rerank,train,v1,623,0.00002617,0.09034731
2026-09-29T21:05:55+00:00,rerank,train,v1,521,0.00002188,0.09036919
2026-09-29T21:05:55+00:00,rerank,train,v1,732,0.00003074,0.09039993
2026-09-29T21:05:55+00:00,rerank,train,v1,555,0.00002331,0.09042324
2026-09-29T21:05:55+00:00,rerank,train,v1,839,0.00003524,0.09045848
2026-09-29T21:05:55+00:00,rerank,train,v1,645,0.00002709,0.09048557
2026-09-29T21:05:55+00:00,rerank,train,v1,689,0.00002894,0.09051451
2026-09-29T21:05:55+00:00,rerank,train,v1,825,0.00003465,0.09054916
2026-09-29T21:05:55+00:00,rerank,train,v1,699,0.00002936,0.09057852
2026-09-29T21:05:55+00:00,rerank,train,v1,843,0.00003541,0.09061392
2026-09-29T21:05:55+00:00,rerank,train,v1,712,0.00002990,0.09064383
2026-09-29T21:05:55+00:00,rerank,train,v1,755,0.00003171,0.09067554
2026-09-29T21:05:55+00:00,rerank,train,v1,729,0.00003062,0.09070615
2026-09-29T21:05:55+00:00,rerank,train,v1,705,0.00002961,0.09073576
2026-09-29T21:05:55+00:00,rerank,train,v1,690,0.00002898,0.09076474
2026-09-29T21:05:55+00:00,rerank,train,v1,706,0.00002965,0.09079440
2026-09-29T21:05:55+00:00,rerank,train,v1,714,0.00002999,0.09082438
2026-09-29T21:05:55+00:00,rerank,train,v1,699,0.00002936,0.09085374
2026-09-29T21:05:55+00:00,rerank,train,v1,755,0.00003171,0.09088545
2026-09-29T21:05:55+00:00,rerank,train,v1,627,0.00002633,0.09091179
2026-09-29T21:05:55+00:00,rerank,train,v1,621,0.00002608,0.09093787
2026-09-29T21:05:55+00:00,rerank,train,v1,629,0.00002642,0.09096429
2026-09-29T21:05:55+00:00,rerank,train,v1,690,0.00002898,0.09099327
2026-09-29T21:05:55+00:00,rerank,train,v1,990,0.00004158,0.09103485
2026-09-29T21:05:55+00:00,rerank,train,v1,712,0.00002990,0.09106475
2026-09-29T21:05:56+00:00,rerank,train,v1,683,0.00002869,0.09109344
2026-09-29T21:05:56+00:00,rerank,train,v1,678,0.00002848,0.09112191
2026-09-29T21:05:56+00:00,rerank,train,v1,648,0.00002722,0.09114913
2026-09-29T21:05:56+00:00,rerank,train,v1,518,0.00002176,0.09117088
2026-09-29T21:05:56+00:00,rerank,train,v1,694,0.00002915,0.09120003
2026-09-29T21:05:56+00:00,rerank,train,v1,673,0.00002827,0.09122830
2026-09-29T21:05:56+00:00,rerank,train,v1,688,0.00002890,0.09125719
2026-09-29T21:05:56+00:00,rerank,train,v1,918,0.00003856,0.09129575
2026-09-29T21:05:56+00:00,rerank,train,v1,751,0.00003154,0.09132729
2026-09-29T21:05:56+00:00,rerank,train,v1,819,0.00003440,0.09136169
2026-09-29T21:05:56+00:00,rerank,train,v1,841,0.00003532,0.09139701
2026-09-29T21:05:56+00:00,rerank,train,v1,667,0.00002801,0.09142503
2026-09-29T21:05:56+00:00,rerank,train,v1,660,0.00002772,0.09145275
2026-09-29T21:05:56+00:00,rerank,train,v1,930,0.00003906,0.09149181
2026-09-29T21:05:56+00:00,rerank,train,v1,712,0.00002990,0.09152171
2026-09-29T21:05:56+00:00,rerank,train,v1,725,0.00003045,0.09155216
2026-09-29T21:05:56+00:00,rerank,train,v1,667,0.00002801,0.09158017
2026-09-29T21:05:56+00:00,rerank,train,v1,704,0.00002957,0.09160974
2026-09-29T21:05:56+00:00,rerank,train,v1,801,0.00003364,0.09164338
2026-09-29T21:05:56+00:00,rerank,train,v1,747,0.00003137,0.09167476
2026-09-29T21:05:56+00:00,rerank,train,v1,826,0.00003469,0.09170945
2026-09-29T21:05:56+00:00,rerank,train,v1,690,0.00002898,0.09173843
2026-09-29T21:05:56+00:00,rerank,train,v1,734,0.00003083,0.09176926
2026-09-29T21:05:56+00:00,rerank,train,v1,785,0.00003297,0.09180223
2026-09-29T21:05:56+00:00,rerank,train,v1,810,0.00003402,0.09183625
2026-09-29T21:05:56+00:00,rerank,train,v1,611,0.00002566,0.09186191
2026-09-29T21:05:56+00:00,rerank,train,v1,592,0.00002486,0.09188677
2026-09-29T21:05:56+00:00,rerank,train,v1,759,0.00003188,0.09191865
2026-09-29T21:05:56+00:00,rerank,train,v1,755,0.00003171,0.09195036
2026-09-29T21:05:56+00:00,rerank,train,v1,940,0.00003948,0.09198984
2026-09-29T21:05:56+00:00,rerank,train,v1,676,0.00002839,0.09201823
2026-09-29T21:05:56+00:00,rerank,train,v1,829,0.00003482,0.09205305
2026-09-29T21:05:56+00:00,rerank,train,v1,685,0.00002877,0.09208182
2026-09-29T21:05:56+00:00,rerank,train,v1,769,0.00003230,0.09211412
2026-09-29T21:05:56+00:00,rerank,train,v1,904,0.00003797,0.09215209
2026-09-29T21:05:56+00:00,rerank,train,v1,584,0.00002453,0.09217662
2026-09-29T21:05:56+00:00,rerank,train,v1,659,0.00002768,0.09220429
2026-09-29T21:05:56+00:00,rerank,train,v1,709,0.00002978,0.09223407
2026-09-29T21:05:56+00:00,rerank,train,v1,973,0.00004087,0.09227494
2026-09-29T21:05:56+00:00,rerank,train,v1,759,0.00003188,0.09230682
2026-09-29T21:05:56+00:00,rerank,train,v1,721,0.00003028,0.09233710
2026-09-29T21:05:56+00:00,rerank,train,v1,700,0.00002940,0.09236650
2026-09-29T21:05:56+00:00,rerank,train,v1,678,0.00002848,0.09239497
2026-09-29T21:05:56+00:00,rerank,train,v1,680,0.00002856,0.09242353
2026-09-29T21:05:56+00:00,rerank,train,v1,818,0.00003436,0.09245789
2026-09-29T21:05:56+00:00,rerank,train,v1,786,0.00003301,0.09249090
2026-09-29T21:05:56+00:00,rerank,train,v1,686,0.00002881,0.09251971
2026-09-29T21:05:56+00:00,rerank,train,v1,967,0.00004061,0.09256033
2026-09-29T21:05:56+00:00,rerank,train,v1,651,0.00002734,0.09258767
2026-09-29T21:05:57+00:00,rerank,train,v1,1027,0.00004313,0.09263080
2026-09-29T21:05:57+00:00,rerank,train,v1,1201,0.00005044,0.09268125
2026-09-29T21:05:57+00:00,rerank,train,v1,1075,0.00004515,0.09272640
2026-09-29T21:05:57+00:00,rerank,train,v1,747,0.00003137,0.09275777
2026-09-29T21:05:57+00:00,rerank,train,v1,883,0.00003709,0.09279486
2026-09-29T21:05:57+00:00,rerank,train,v1,640,0.00002688,0.09282174
2026-09-29T21:05:57+00:00,rerank,train,v1,576,0.00002419,0.09284593
2026-09-29T21:05:57+00:00,rerank,train,v1,798,0.00003352,0.09287944
2026-09-29T21:05:57+00:00,rerank,train,v1,596,0.00002503,0.09290448
2026-09-29T21:05:57+00:00,rerank,train,v1,576,0.00002419,0.09292867
2026-09-29T21:05:57+00:00,rerank,train,v1,1102,0.00004628,0.09297495
2026-09-29T21:05:57+00:00,rerank,train,v1,774,0.00003251,0.09300746
2026-09-29T21:05:57+00:00,rerank,train,v1,688,0.00002890,0.09303636
2026-09-29T21:05:57+00:00,rerank,train,v1,634,0.00002663,0.09306298
2026-09-29T21:05:57+00:00,rerank,train,v1,641,0.00002692,0.09308991
2026-09-29T21:05:57+00:00,rerank,train,v1,871,0.00003658,0.09312649
2026-09-29T21:05:57+00:00,rerank,train,v1,601,0.00002524,0.09315173
2026-09-29T21:05:57+00:00,rerank,train,v1,756,0.00003175,0.09318348
2026-09-29T21:05:57+00:00,rerank,train,v1,644,0.00002705,0.09321053
2026-09-29T21:05:57+00:00,rerank,train,v1,657,0.00002759,0.09323812
2026-09-29T21:05:57+00:00,rerank,train,v1,773,0.00003247,0.09327059
2026-09-29T21:05:57+00:00,rerank,train,v1,932,0.00003914,0.09330973
2026-09-29T21:05:57+00:00,rerank,train,v1,661,0.00002776,0.09333750
2026-09-29T21:05:57+00:00,rerank,train,v1,869,0.00003650,0.09337399
2026-09-29T21:05:57+00:00,rerank,train,v1,830,0.00003486,0.09340885
2026-09-29T21:05:57+00:00,rerank,train,v1,770,0.00003234,0.09344119
2026-09-29T21:05:57+00:00,rerank,train,v1,969,0.00004070,0.09348189
2026-09-29T21:05:57+00:00,rerank,train,v1,719,0.00003020,0.09351209
2026-09-29T21:05:57+00:00,rerank,train,v1,881,0.00003700,0.09354909
2026-09-29T21:05:57+00:00,rerank,train,v1,819,0.00003440,0.09358349
2026-09-29T21:05:57+00:00,rerank,train,v1,666,0.00002797,0.09361146
2026-09-29T21:05:57+00:00,rerank,train,v1,863,0.00003625,0.09364771
2026-09-29T21:05:57+00:00,rerank,train,v1,1136,0.00004771,0.09369542
2026-09-29T21:05:57+00:00,rerank,train,v1,869,0.00003650,0.09373192
2026-09-29T21:05:57+00:00,rerank,train,v1,867,0.00003641,0.09376833
2026-09-29T21:05:57+00:00,rerank,train,v1,1004,0.00004217,0.09381050
2026-09-29T21:05:57+00:00,rerank,train,v1,895,0.00003759,0.09384809
2026-09-29T21:05:57+00:00,rerank,train,v1,875,0.00003675,0.09388484
2026-09-29T21:05:57+00:00,rerank,train,v1,790,0.00003318,0.09391802
2026-09-29T21:05:57+00:00,rerank,train,v1,1003,0.00004213,0.09396015
2026-09-29T21:05:57+00:00,rerank,train,v1,824,0.00003461,0.09399475
2026-09-29T21:05:57+00:00,rerank,train,v1,1152,0.00004838,0.09404314
2026-09-29T21:05:57+00:00,rerank,train,v1,911,0.00003826,0.09408140
2026-09-29T21:05:57+00:00,rerank,train,v1,617,0.00002591,0.09410731
2026-09-29T21:05:57+00:00,rerank,train,v1,722,0.00003032,0.09413764
2026-09-29T21:05:57+00:00,rerank,train,v1,762,0.00003200,0.09416964
2026-09-29T21:05:57+00:00,rerank,train,v1,1034,0.00004343,0.09421307
2026-09-29T21:05:58+00:00,rerank,train,v1,923,0.00003877,0.09425184
2026-09-29T21:05:58+00:00,rerank,train,v1,859,0.00003608,0.09428791
2026-09-29T21:05:58+00:00,rerank,train,v1,859,0.00003608,0.09432399
2026-09-29T21:05:58+00:00,rerank,train,v1,1036,0.00004351,0.09436750
2026-09-29T21:05:58+00:00,rerank,train,v1,2006,0.00008425,0.09445176
2026-09-29T21:05:58+00:00,rerank,train,v1,733,0.00003079,0.09448254
2026-09-29T21:05:58+00:00,rerank,train,v1,618,0.00002596,0.09450850
2026-09-29T21:05:58+00:00,rerank,train,v1,787,0.00003305,0.09454155
2026-09-29T21:05:58+00:00,rerank,train,v1,750,0.00003150,0.09457305
2026-09-29T21:05:58+00:00,rerank,train,v1,684,0.00002873,0.09460178
2026-09-29T21:05:58+00:00,rerank,train,v1,985,0.00004137,0.09464315
2026-09-29T21:05:58+00:00,rerank,train,v1,585,0.00002457,0.09466772
2026-09-29T21:05:58+00:00,rerank,train,v1,818,0.00003436,0.09470208
2026-09-29T21:05:58+00:00,rerank,train,v1,637,0.00002675,0.09472883
2026-09-29T21:05:58+00:00,rerank,train,v1,726,0.00003049,0.09475932
2026-09-29T21:05:58+00:00,rerank,train,v1,703,0.00002953,0.09478885
2026-09-29T21:05:58+00:00,rerank,train,v1,581,0.00002440,0.09481325
2026-09-29T21:05:58+00:00,rerank,train,v1,690,0.00002898,0.09484223
2026-09-29T21:05:58+00:00,rerank,train,v1,668,0.00002806,0.09487029
2026-09-29T21:05:58+00:00,rerank,train,v1,540,0.00002268,0.09489297
2026-09-29T21:05:58+00:00,rerank,train,v1,642,0.00002696,0.09491993
2026-09-29T21:05:58+00:00,rerank,train,v1,702,0.00002948,0.09494941
2026-09-29T21:05:58+00:00,rerank,train,v1,647,0.00002717,0.09497659
2026-09-29T21:05:58+00:00,rerank,train,v1,704,0.00002957,0.09500616
2026-09-29T21:05:58+00:00,rerank,train,v1,636,0.00002671,0.09503287
2026-09-29T21:05:58+00:00,rerank,train,v1,785,0.00003297,0.09506584
2026-09-29T21:05:58+00:00,rerank,train,v1,706,0.00002965,0.09509549
2026-09-29T21:05:58+00:00,rerank,train,v1,824,0.00003461,0.09513010
2026-09-29T21:05:58+00:00,rerank,train,v1,759,0.00003188,0.09516198
2026-09-29T21:05:58+00:00,rerank,train,v1,814,0.00003419,0.09519616
2026-09-29T21:05:58+00:00,rerank,train,v1,706,0.00002965,0.09522582
2026-09-29T21:05:58+00:00,rerank,train,v1,750,0.00003150,0.09525732
2026-09-29T21:05:58+00:00,rerank,train,v1,665,0.00002793,0.09528525
2026-09-29T21:05:58+00:00,rerank,train,v1,682,0.00002864,0.09531389
2026-09-29T21:05:58+00:00,rerank,train,v1,579,0.00002432,0.09533821
2026-09-29T21:05:58+00:00,rerank,train,v1,786,0.00003301,0.09537122
2026-09-29T21:05:58+00:00,rerank,train,v1,1282,0.00005384,0.09542506
2026-09-29T21:05:58+00:00,rerank,train,v1,1127,0.00004733,0.09547240
2026-09-29T21:05:58+00:00,rerank,train,v1,981,0.00004120,0.09551360
2026-09-29T21:05:58+00:00,rerank,train,v1,742,0.00003116,0.09554476
2026-09-29T21:05:58+00:00,rerank,train,v1,802,0.00003368,0.09557845
2026-09-29T21:05:58+00:00,rerank,train,v1,649,0.00002726,0.09560571
2026-09-29T21:05:58+00:00,rerank,train,v1,842,0.00003536,0.09564107
2026-09-29T21:05:58+00:00,rerank,train,v1,770,0.00003234,0.09567341
2026-09-29T21:05:58+00:00,rerank,train,v1,823,0.00003457,0.09570798
2026-09-29T21:05:59+00:00,rerank,train,v1,662,0.00002780,0.09573578
2026-09-29T21:05:59+00:00,rerank,train,v1,755,0.00003171,0.09576749
2026-09-29T21:05:59+00:00,rerank,train,v1,900,0.00003780,0.09580529
2026-09-29T21:05:59+00:00,rerank,train,v1,660,0.00002772,0.09583301
2026-09-29T21:05:59+00:00,rerank,train,v1,815,0.00003423,0.09586724
2026-09-29T21:05:59+00:00,rerank,train,v1,740,0.00003108,0.09589832
2026-09-29T21:05:59+00:00,rerank,train,v1,846,0.00003553,0.09593385
2026-09-29T21:05:59+00:00,rerank,train,v1,673,0.00002827,0.09596212
2026-09-29T21:05:59+00:00,rerank,train,v1,631,0.00002650,0.09598862
2026-09-29T21:05:59+00:00,rerank,train,v1,756,0.00003175,0.09602037
2026-09-29T21:05:59+00:00,rerank,train,v1,736,0.00003091,0.09605128
2026-09-29T21:05:59+00:00,rerank,train,v1,857,0.00003599,0.09608728
2026-09-29T21:05:59+00:00,rerank,train,v1,966,0.00004057,0.09612785
2026-09-29T21:05:59+00:00,rerank,train,v1,850,0.00003570,0.09616355
2026-09-29T21:05:59+00:00,rerank,train,v1,614,0.00002579,0.09618934
2026-09-29T21:05:59+00:00,rerank,train,v1,779,0.00003272,0.09622206
2026-09-29T21:05:59+00:00,rerank,train,v1,754,0.00003167,0.09625372
2026-09-29T21:05:59+00:00,rerank,train,v1,695,0.00002919,0.09628291
2026-09-29T21:05:59+00:00,rerank,train,v1,586,0.00002461,0.09630753
2026-09-29T21:05:59+00:00,rerank,train,v1,880,0.00003696,0.09634449
2026-09-29T21:05:59+00:00,rerank,train,v1,815,0.00003423,0.09637872
2026-09-29T21:05:59+00:00,rerank,train,v1,908,0.00003814,0.09641685
2026-09-29T21:05:59+00:00,rerank,train,v1,823,0.00003457,0.09645142
2026-09-29T21:05:59+00:00,rerank,train,v1,673,0.00002827,0.09647968
2026-09-29T21:05:59+00:00,rerank,train,v1,664,0.00002789,0.09650757
2026-09-29T21:05:59+00:00,rerank,train,v1,683,0.00002869,0.09653626
2026-09-29T21:05:59+00:00,rerank,train,v1,759,0.00003188,0.09656814
2026-09-29T21:05:59+00:00,rerank,train,v1,637,0.00002675,0.09659489
2026-09-29T21:05:59+00:00,rerank,train,v1,750,0.00003150,0.09662639
2026-09-29T21:05:59+00:00,rerank,train,v1,841,0.00003532,0.09666171
2026-09-29T21:05:59+00:00,rerank,train,v1,747,0.00003137,0.09669309
2026-09-29T21:05:59+00:00,rerank,train,v1,709,0.00002978,0.09672286
2026-09-29T21:05:59+00:00,rerank,train,v1,982,0.00004124,0.09676411
2026-09-29T21:05:59+00:00,rerank,train,v1,687,0.00002885,0.09679296
2026-09-29T21:05:59+00:00,rerank,train,v1,572,0.00002402,0.09681699
2026-09-29T21:05:59+00:00,rerank,train,v1,934,0.00003923,0.09685621
2026-09-29T21:05:59+00:00,rerank,train,v1,699,0.00002936,0.09688557
2026-09-29T21:05:59+00:00,rerank,train,v1,658,0.00002764,0.09691321
2026-09-29T21:05:59+00:00,rerank,train,v1,698,0.00002932,0.09694252
2026-09-29T21:05:59+00:00,rerank,train,v1,765,0.00003213,0.09697465
2026-09-29T21:05:59+00:00,rerank,train,v1,863,0.00003625,0.09701090
2026-09-29T21:05:59+00:00,rerank,train,v1,577,0.00002423,0.09703513
2026-09-29T21:05:59+00:00,rerank,train,v1,689,0.00002894,0.09706407
2026-09-29T21:05:59+00:00,rerank,train,v1,776,0.00003259,0.09709666
2026-09-29T21:05:59+00:00,rerank,train,v1,774,0.00003251,0.09712917
2026-09-29T21:05:59+00:00,rerank,train,v1,651,0.00002734,0.09715651
2026-09-29T21:06:00+00:00,rerank,train,v1,880,0.00003696,0.09719347
2026-09-29T21:06:00+00:00,rerank,train,v1,746,0.00003133,0.09722481
2026-09-29T21:06:00+00:00,rerank,train,v1,745,0.00003129,0.09725610
2026-09-29T21:06:00+00:00,rerank,train,v1,777,0.00003263,0.09728873
2026-09-29T21:06:00+00:00,rerank,train,v1,1081,0.00004540,0.09733413
2026-09-29T21:06:00+00:00,rerank,train,v1,880,0.00003696,0.09737109
2026-09-29T21:06:00+00:00,rerank,train,v1,1378,0.00005788,0.09742897
2026-09-29T21:06:00+00:00,rerank,train,v1,800,0.00003360,0.09746257
2026-09-29T21:06:00+00:00,rerank,train,v1,1189,0.00004994,0.09751251
2026-09-29T21:06:00+00:00,rerank,train,v1,825,0.00003465,0.09754716
2026-09-29T21:06:00+00:00,rerank,train,v1,931,0.00003910,0.09758626
2026-09-29T21:06:00+00:00,rerank,train,v1,1172,0.00004922,0.09763548
2026-09-29T21:06:00+00:00,rerank,train,v1,919,0.00003860,0.09767408
2026-09-29T21:06:00+00:00,rerank,train,v1,1049,0.00004406,0.09771814
2026-09-29T21:06:00+00:00,rerank,train,v1,1081,0.00004540,0.09776354
2026-09-29T21:06:00+00:00,rerank,train,v1,764,0.00003209,0.09779563
2026-09-29T21:06:00+00:00,rerank,train,v1,921,0.00003868,0.09783431
2026-09-29T21:06:00+00:00,rerank,train,v1,762,0.00003200,0.09786631
2026-09-29T21:06:00+00:00,rerank,train,v1,1190,0.00004998,0.09791629
2026-09-29T21:06:00+00:00,rerank,train,v1,869,0.00003650,0.09795279
2026-09-29T21:06:00+00:00,rerank,train,v1,847,0.00003557,0.09798837
2026-09-29T21:06:00+00:00,rerank,train,v1,927,0.00003893,0.09802730
2026-09-29T21:06:00+00:00,rerank,train,v1,746,0.00003133,0.09805863
2026-09-29T21:06:00+00:00,rerank,train,v1,812,0.00003410,0.09809274
2026-09-29T21:06:00+00:00,rerank,train,v1,717,0.00003011,0.09812285
2026-09-29T21:06:00+00:00,rerank,train,v1,836,0.00003511,0.09815796
2026-09-29T21:06:00+00:00,rerank,train,v1,974,0.00004091,0.09819887
2026-09-29T21:06:00+00:00,rerank,train,v1,975,0.00004095,0.09823982
2026-09-29T21:06:00+00:00,rerank,train,v1,892,0.00003746,0.09827728
2026-09-29T21:06:00+00:00,rerank,train,v1,804,0.00003377,0.09831105
2026-09-29T21:06:00+00:00,rerank,train,v1,792,0.00003326,0.09834432
2026-09-29T21:06:00+00:00,rerank,train,v1,840,0.00003528,0.09837960
2026-09-29T21:06:00+00:00,rerank,train,v1,962,0.00004040,0.09842000
2026-09-29T21:06:00+00:00,rerank,train,v1,1023,0.00004297,0.09846297
2026-09-29T21:06:02+00:00,verify,train,v1,1075,0.00004515,0.09850785
2026-09-29T21:06:02+00:00,verify,train,v1,943,0.00003961,0.09854746
2026-09-29T21:06:02+00:00,verify,train,v1,950,0.00003990,0.09858736
2026-09-29T21:06:02+00:00,verify,train,v1,1535,0.00006447,0.09865183
2026-09-29T21:06:02+00:00,verify,train,v1,1249,0.00005246,0.09870428
2026-09-29T21:06:02+00:00,verify,train,v1,1534,0.00006443,0.09876871
2026-09-29T21:06:02+00:00,verify,train,v1,1178,0.00004948,0.09881819
2026-09-29T21:06:02+00:00,verify,train,v1,1017,0.00004271,0.09886090
2026-09-29T21:06:02+00:00,verify,train,v1,1053,0.00004423,0.09890513
2026-09-29T21:06:02+00:00,verify,train,v1,928,0.00003898,0.09894410
2026-09-29T21:06:02+00:00,verify,train,v1,1599,0.00006716,0.09901126
2026-09-29T21:06:02+00:00,verify,train,v1,2017,0.00008471,0.09909598
2026-09-29T21:06:02+00:00,verify,train,v1,1043,0.00004381,0.09913978
2026-09-29T21:06:02+00:00,verify,train,v1,961,0.00004036,0.09918014
2026-09-29T21:06:02+00:00,verify,train,v1,1430,0.00006006,0.09924020
2026-09-29T21:06:02+00:00,verify,train,v1,871,0.00003658,0.09927679
2026-09-29T21:06:03+00:00,verify,train,v1,860,0.00003612,0.09931291
2026-09-29T21:06:03+00:00,verify,train,v1,1040,0.00004368,0.09935659
2026-09-29T21:06:03+00:00,verify,train,v1,2362,0.00009920,0.09945579
2026-09-29T21:06:03+00:00,verify,train,v1,1216,0.00005107,0.09950686
2026-09-29T21:06:03+00:00,verify,train,v1,1818,0.00007636,0.09958322
2026-09-29T21:06:03+00:00,verify,train,v1,1199,0.00005036,0.09963358
2026-09-29T21:06:03+00:00,verify,train,v1,1226,0.00005149,0.09968507
2026-09-29T21:06:03+00:00,verify,train,v1,1426,0.00005989,0.09974496
2026-09-29T21:06:03+00:00,verify,train,v1,1324,0.00005561,0.09980057
2026-09-29T21:06:03+00:00,verify,train,v1,1542,0.00006476,0.09986533
2026-09-29T21:06:03+00:00,verify,train,v1,1858,0.00007804,0.09994337
2026-09-29T21:06:03+00:00,verify,train,v1,1007,0.00004229,0.09998566
2026-09-29T21:06:03+00:00,verify,train,v1,1209,0.00005078,0.10003644
2026-09-29T21:06:03+00:00,verify,train,v1,2240,0.00009408,0.10013052
2026-09-29T21:06:03+00:00,verify,train,v1,734,0.00003083,0.10016135
2026-09-29T21:06:03+00:00,verify,train,v1,1616,0.00006787,0.10022922
2026-09-29T21:06:03+00:00,verify,train,v1,980,0.00004116,0.10027038
2026-09-29T21:06:03+00:00,verify,train,v1,1239,0.00005204,0.10032242
2026-09-29T21:06:03+00:00,verify,train,v1,1265,0.00005313,0.10037555
2026-09-29T21:06:03+00:00,verify,train,v1,1749,0.00007346,0.10044901
2026-09-29T21:06:03+00:00,verify,train,v1,1216,0.00005107,0.10050008
2026-09-29T21:06:03+00:00,verify,train,v1,1858,0.00007804,0.10057811
2026-09-29T21:06:03+00:00,verify,train,v1,965,0.00004053,0.10061864
2026-09-29T21:06:03+00:00,verify,train,v1,1561,0.00006556,0.10068421
2026-09-29T21:06:03+00:00,verify,train,v1,2448,0.00010282,0.10078702
2026-09-29T21:06:03+00:00,verify,train,v1,1713,0.00007195,0.10085897
2026-09-29T21:06:03+00:00,verify,train,v1,1548,0.00006502,0.10092398
2026-09-29T21:06:03+00:00,verify,train,v1,2097,0.00008807,0.10101206
2026-09-29T21:06:03+00:00,verify,train,v1,1732,0.00007274,0.10108480
2026-09-29T21:06:03+00:00,verify,train,v1,1256,0.00005275,0.10113755
2026-09-29T21:06:03+00:00,verify,train,v1,1158,0.00004864,0.10118619
2026-09-29T21:06:03+00:00,verify,train,v1,1249,0.00005246,0.10123865
2026-09-29T21:06:03+00:00,verify,train,v1,963,0.00004045,0.10127909
2026-09-29T21:06:03+00:00,verify,train,v1,1691,0.00007102,0.10135012
2026-09-29T21:06:03+00:00,verify,train,v1,1550,0.00006510,0.10141522
2026-09-29T21:06:03+00:00,verify,train,v1,1271,0.00005338,0.10146860
2026-09-29T21:06:03+00:00,verify,train,v1,922,0.00003872,0.10150732
2026-09-29T21:06:04+00:00,verify,train,v1,1640,0.00006888,0.10157620
2026-09-29T21:06:04+00:00,verify,train,v1,1535,0.00006447,0.10164067
2026-09-29T21:06:04+00:00,verify,train,v1,782,0.00003284,0.10167352
2026-09-29T21:06:04+00:00,verify,train,v1,1676,0.00007039,0.10174391
2026-09-29T21:06:04+00:00,verify,train,v1,2306,0.00009685,0.10184076
2026-09-29T21:06:04+00:00,verify,train,v1,1333,0.00005599,0.10189675
2026-09-29T21:06:04+00:00,verify,train,v1,2205,0.00009261,0.10198936
2026-09-29T21:06:04+00:00,verify,train,v1,4313,0.00018115,0.10217050
2026-09-29T21:06:04+00:00,verify,train,v1,1012,0.00004250,0.10221301
2026-09-29T21:06:04+00:00,verify,train,v1,1571,0.00006598,0.10227899
2026-09-29T21:06:04+00:00,verify,train,v1,987,0.00004145,0.10232044
2026-09-29T21:06:04+00:00,verify,train,v1,874,0.00003671,0.10235715
2026-09-29T21:06:04+00:00,verify,train,v1,1099,0.00004616,0.10240331
2026-09-29T21:06:04+00:00,verify,train,v1,860,0.00003612,0.10243943
2026-09-29T21:06:04+00:00,verify,train,v1,1482,0.00006224,0.10250167
2026-09-29T21:06:04+00:00,verify,train,v1,1509,0.00006338,0.10256505
2026-09-29T21:06:04+00:00,verify,train,v1,1479,0.00006212,0.10262717
2026-09-29T21:06:04+00:00,verify,train,v1,1025,0.00004305,0.10267022
2026-09-29T21:06:04+00:00,verify,train,v1,1210,0.00005082,0.10272104
2026-09-29T21:06:04+00:00,verify,train,v1,1061,0.00004456,0.10276560
2026-09-29T21:06:04+00:00,verify,train,v1,1030,0.00004326,0.10280886
2026-09-29T21:06:04+00:00,verify,train,v1,1019,0.00004280,0.10285166
2026-09-29T21:06:04+00:00,verify,train,v1,1163,0.00004885,0.10290050
2026-09-29T21:06:05+00:00,verify,train,v1,1405,0.00005901,0.10295951
2026-09-29T21:06:05+00:00,verify,train,v1,1078,0.00004528,0.10300479
2026-09-29T21:06:05+00:00,verify,train,v1,1137,0.00004775,0.10305254
2026-09-29T21:06:05+00:00,verify,train,v1,1389,0.00005834,0.10311088
2026-09-29T21:06:05+00:00,verify,train,v1,948,0.00003982,0.10315070
2026-09-29T21:06:05+00:00,verify,train,v1,1211,0.00005086,0.10320156
2026-09-29T21:06:05+00:00,verify,train,v1,1140,0.00004788,0.10324944
2026-09-29T21:06:05+00:00,verify,train,v1,1006,0.00004225,0.10329169
2026-09-29T21:06:05+00:00,verify,train,v1,1041,0.00004372,0.10333541
2026-09-29T21:06:05+00:00,verify,train,v1,1380,0.00005796,0.10339337
2026-09-29T21:06:05+00:00,verify,train,v1,946,0.00003973,0.10343311
2026-09-29T21:06:05+00:00,verify,train,v1,1019,0.00004280,0.10347590
2026-09-29T21:06:05+00:00,verify,train,v1,2478,0.00010408,0.10357998
2026-09-29T21:06:05+00:00,verify,train,v1,1652,0.00006938,0.10364936
2026-09-29T21:06:05+00:00,verify,train,v1,1235,0.00005187,0.10370123
2026-09-29T21:06:05+00:00,verify,train,v1,2975,0.00012495,0.10382618
2026-09-29T21:06:05+00:00,verify,train,v1,1135,0.00004767,0.10387385
2026-09-29T21:06:05+00:00,verify,train,v1,1710,0.00007182,0.10394567
2026-09-29T21:06:05+00:00,verify,train,v1,1106,0.00004645,0.10399213
2026-09-29T21:06:05+00:00,verify,train,v1,1028,0.00004318,0.10403530
2026-09-29T21:06:05+00:00,verify,train,v1,1786,0.00007501,0.10411031
2026-09-29T21:06:05+00:00,verify,train,v1,918,0.00003856,0.10414887
2026-09-29T21:06:05+00:00,verify,train,v1,1129,0.00004742,0.10419629
2026-09-29T21:06:05+00:00,verify,train,v1,1273,0.00005347,0.10424975
2026-09-29T21:06:05+00:00,verify,train,v1,1417,0.00005951,0.10430927
2026-09-29T21:06:05+00:00,verify,train,v1,1347,0.00005657,0.10436584
2026-09-29T21:06:05+00:00,verify,train,v1,1391,0.00005842,0.10442426
2026-09-29T21:06:05+00:00,verify,train,v1,1119,0.00004700,0.10447126
2026-09-29T21:06:05+00:00,verify,train,v1,1444,0.00006065,0.10453191
2026-09-29T21:06:06+00:00,verify,train,v1,747,0.00003137,0.10456328
2026-09-29T21:06:06+00:00,verify,train,v1,1253,0.00005263,0.10461591
2026-09-29T21:06:06+00:00,verify,train,v1,1055,0.00004431,0.10466022
2026-09-29T21:06:06+00:00,verify,train,v1,1006,0.00004225,0.10470247
2026-09-29T21:06:06+00:00,verify,train,v1,1221,0.00005128,0.10475375
2026-09-29T21:06:06+00:00,verify,train,v1,1093,0.00004591,0.10479966
2026-09-29T21:06:06+00:00,verify,train,v1,1133,0.00004759,0.10484725
2026-09-29T21:06:06+00:00,verify,train,v1,866,0.00003637,0.10488362
2026-09-29T21:06:06+00:00,verify,train,v1,897,0.00003767,0.10492129
2026-09-29T21:06:06+00:00,verify,train,v1,1048,0.00004402,0.10496531
2026-09-29T21:06:06+00:00,verify,train,v1,1253,0.00005263,0.10501793
2026-09-29T21:06:06+00:00,verify,train,v1,1102,0.00004628,0.10506422
2026-09-29T21:06:06+00:00,verify,train,v1,1529,0.00006422,0.10512844
2026-09-29T21:06:06+00:00,verify,train,v1,2794,0.00011735,0.10524578
2026-09-29T21:06:06+00:00,verify,train,v1,1362,0.00005720,0.10530299
2026-09-29T21:06:06+00:00,verify,train,v1,1456,0.00006115,0.10536414
2026-09-29T21:06:06+00:00,verify,train,v1,1076,0.00004519,0.10540933
2026-09-29T21:06:06+00:00,verify,train,v1,1619,0.00006800,0.10547733
2026-09-29T21:06:06+00:00,verify,train,v1,1123,0.00004717,0.10552450
2026-09-29T21:06:06+00:00,verify,train,v1,1662,0.00006980,0.10559430
2026-09-29T21:06:06+00:00,verify,train,v1,1060,0.00004452,0.10563882
2026-09-29T21:06:06+00:00,verify,train,v1,1529,0.00006422,0.10570304
2026-09-29T21:06:06+00:00,verify,train,v1,1543,0.00006481,0.10576784
2026-09-29T21:06:06+00:00,verify,train,v1,1143,0.00004801,0.10581585
2026-09-29T21:06:06+00:00,verify,train,v1,1256,0.00005275,0.10586860
2026-09-29T21:06:06+00:00,verify,train,v1,1469,0.00006170,0.10593030
2026-09-29T21:06:06+00:00,verify,train,v1,1214,0.00005099,0.10598129
2026-09-29T21:06:06+00:00,verify,train,v1,1814,0.00007619,0.10605748
2026-09-29T21:06:06+00:00,verify,train,v1,1360,0.00005712,0.10611460
2026-09-29T21:06:06+00:00,verify,train,v1,1809,0.00007598,0.10619057
2026-09-29T21:06:06+00:00,verify,train,v1,1440,0.00006048,0.10625105
2026-09-29T21:06:06+00:00,verify,train,v1,1464,0.00006149,0.10631254
2026-09-29T21:06:06+00:00,verify,train,v1,2207,0.00009269,0.10640524
2026-09-29T21:06:06+00:00,verify,train,v1,1308,0.00005494,0.10646017
2026-09-29T21:06:06+00:00,verify,train,v1,1101,0.00004624,0.10650641
2026-09-29T21:06:06+00:00,verify,train,v1,1069,0.00004490,0.10655131
2026-09-29T21:06:06+00:00,verify,train,v1,1097,0.00004607,0.10659739
2026-09-29T21:06:06+00:00,verify,train,v1,1034,0.00004343,0.10664081
2026-09-29T21:06:07+00:00,verify,train,v1,1278,0.00005368,0.10669449
2026-09-29T21:06:07+00:00,verify,train,v1,1252,0.00005258,0.10674707
2026-09-29T21:06:07+00:00,verify,train,v1,990,0.00004158,0.10678865
2026-09-29T21:06:07+00:00,verify,train,v1,2349,0.00009866,0.10688731
2026-09-29T21:06:07+00:00,verify,train,v1,859,0.00003608,0.10692339
2026-09-29T21:06:07+00:00,verify,train,v1,1213,0.00005095,0.10697434
2026-09-29T21:06:07+00:00,verify,train,v1,1251,0.00005254,0.10702688
2026-09-29T21:06:07+00:00,verify,train,v1,1527,0.00006413,0.10709101
2026-09-29T21:06:07+00:00,verify,train,v1,1164,0.00004889,0.10713990
2026-09-29T21:06:07+00:00,verify,train,v1,1561,0.00006556,0.10720546
2026-09-29T21:06:07+00:00,verify,train,v1,1280,0.00005376,0.10725922
2026-09-29T21:06:07+00:00,verify,train,v1,1005,0.00004221,0.10730143
2026-09-29T21:06:07+00:00,verify,train,v1,1048,0.00004402,0.10734545
2026-09-29T21:06:07+00:00,verify,train,v1,1669,0.00007010,0.10741555
2026-09-29T21:06:07+00:00,verify,train,v1,1447,0.00006077,0.10747632
2026-09-29T21:06:07+00:00,verify,train,v1,1262,0.00005300,0.10752932
2026-09-29T21:06:07+00:00,verify,train,v1,960,0.00004032,0.10756964
2026-09-29T21:06:07+00:00,verify,train,v1,1237,0.00005195,0.10762160
2026-09-29T21:06:07+00:00,verify,train,v1,1015,0.00004263,0.10766423
2026-09-29T21:06:07+00:00,verify,train,v1,1457,0.00006119,0.10772542
2026-09-29T21:06:07+00:00,verify,train,v1,899,0.00003776,0.10776318
2026-09-29T21:06:07+00:00,verify,train,v1,1508,0.00006334,0.10782652
2026-09-29T21:06:07+00:00,verify,train,v1,941,0.00003952,0.10786604
2026-09-29T21:06:07+00:00,verify,train,v1,1312,0.00005510,0.10792114
2026-09-29T21:06:07+00:00,verify,train,v1,1234,0.00005183,0.10797297
2026-09-29T21:06:07+00:00,verify,train,v1,1750,0.00007350,0.10804647
2026-09-29T21:06:07+00:00,verify,train,v1,1144,0.00004805,0.10809452
2026-09-29T21:06:07+00:00,verify,train,v1,1508,0.00006334,0.10815785
2026-09-29T21:06:07+00:00,verify,train,v1,1099,0.00004616,0.10820401
2026-09-29T21:06:07+00:00,verify,train,v1,1059,0.00004448,0.10824849
2026-09-29T21:06:07+00:00,verify,train,v1,1153,0.00004843,0.10829692
2026-09-29T21:06:07+00:00,verify,train,v1,832,0.00003494,0.10833186
2026-09-29T21:06:07+00:00,verify,train,v1,1280,0.00005376,0.10838562
2026-09-29T21:06:07+00:00,verify,train,v1,1347,0.00005657,0.10844219
2026-09-29T21:06:07+00:00,verify,train,v1,1224,0.00005141,0.10849360
2026-09-29T21:06:07+00:00,verify,train,v1,1001,0.00004204,0.10853564
2026-09-29T21:06:07+00:00,verify,train,v1,1133,0.00004759,0.10858323
2026-09-29T21:06:08+00:00,verify,train,v1,1239,0.00005204,0.10863527
2026-09-29T21:06:08+00:00,verify,train,v1,1256,0.00005275,0.10868802
2026-09-29T21:06:08+00:00,verify,train,v1,1669,0.00007010,0.10875812
2026-09-29T21:06:08+00:00,verify,train,v1,823,0.00003457,0.10879268
2026-09-29T21:06:08+00:00,verify,train,v1,1155,0.00004851,0.10884119
2026-09-29T21:06:08+00:00,verify,train,v1,1028,0.00004318,0.10888437
2026-09-29T21:06:08+00:00,verify,train,v1,914,0.00003839,0.10892276
2026-09-29T21:06:08+00:00,verify,train,v1,1713,0.00007195,0.10899470
2026-09-29T21:06:08+00:00,verify,train,v1,1589,0.00006674,0.10906144
2026-09-29T21:06:08+00:00,verify,train,v1,1101,0.00004624,0.10910768
2026-09-29T21:06:08+00:00,verify,train,v1,1121,0.00004708,0.10915477
2026-09-29T21:06:08+00:00,verify,train,v1,930,0.00003906,0.10919383
2026-09-29T21:06:08+00:00,verify,train,v1,1325,0.00005565,0.10924948
2026-09-29T21:06:08+00:00,verify,train,v1,1241,0.00005212,0.10930160
2026-09-29T21:06:08+00:00,verify,train,v1,930,0.00003906,0.10934066
2026-09-29T21:06:08+00:00,verify,train,v1,2110,0.00008862,0.10942928
2026-09-29T21:06:08+00:00,verify,train,v1,1233,0.00005179,0.10948106
2026-09-29T21:06:08+00:00,verify,train,v1,1254,0.00005267,0.10953373
2026-09-29T21:06:08+00:00,verify,train,v1,1495,0.00006279,0.10959652
2026-09-29T21:06:08+00:00,verify,train,v1,1150,0.00004830,0.10964482
2026-09-29T21:06:08+00:00,verify,train,v1,1085,0.00004557,0.10969039
2026-09-29T21:06:08+00:00,verify,train,v1,1380,0.00005796,0.10974835
2026-09-29T21:06:08+00:00,verify,train,v1,954,0.00004007,0.10978842
2026-09-29T21:06:08+00:00,verify,train,v1,1252,0.00005258,0.10984100
2026-09-29T21:06:08+00:00,verify,train,v1,2001,0.00008404,0.10992505
2026-09-29T21:06:08+00:00,verify,train,v1,1439,0.00006044,0.10998548
2026-09-29T21:06:08+00:00,verify,train,v1,1205,0.00005061,0.11003609
2026-09-29T21:06:08+00:00,verify,train,v1,1611,0.00006766,0.11010376
2026-09-29T21:06:08+00:00,verify,train,v1,1205,0.00005061,0.11015437
2026-09-29T21:06:08+00:00,verify,train,v1,1962,0.00008240,0.11023677
2026-09-29T21:06:08+00:00,verify,train,v1,1161,0.00004876,0.11028553
2026-09-29T21:06:08+00:00,verify,train,v1,1061,0.00004456,0.11033009
2026-09-29T21:06:08+00:00,verify,train,v1,2226,0.00009349,0.11042359
2026-09-29T21:06:08+00:00,verify,train,v1,1176,0.00004939,0.11047298
2026-09-29T21:06:08+00:00,verify,train,v1,2044,0.00008585,0.11055883
2026-09-29T21:06:08+00:00,verify,train,v1,1426,0.00005989,0.11061872
2026-09-29T21:06:08+00:00,verify,train,v1,1593,0.00006691,0.11068562
2026-09-29T21:06:08+00:00,verify,train,v1,1583,0.00006649,0.11075211
2026-09-29T21:06:08+00:00,verify,train,v1,1995,0.00008379,0.11083590
2026-09-29T21:06:08+00:00,verify,train,v1,1686,0.00007081,0.11090671
2026-09-29T21:06:08+00:00,verify,train,v1,2171,0.00009118,0.11099789
2026-09-29T21:06:08+00:00,verify,train,v1,813,0.00003415,0.11103204
2026-09-29T21:06:08+00:00,verify,train,v1,1736,0.00007291,0.11110495
2026-09-29T21:06:08+00:00,verify,train,v1,2203,0.00009253,0.11119748
2026-09-29T21:06:08+00:00,verify,train,v1,1579,0.00006632,0.11126380
2026-09-29T21:06:09+00:00,verify,train,v1,2783,0.00011689,0.11138068
2026-09-29T21:06:09+00:00,verify,train,v1,1504,0.00006317,0.11144385
2026-09-29T21:06:09+00:00,verify,train,v1,1159,0.00004868,0.11149253
2026-09-29T21:06:09+00:00,verify,train,v1,3024,0.00012701,0.11161954
2026-09-29T21:06:09+00:00,verify,train,v1,1159,0.00004868,0.11166821
2026-09-29T21:06:09+00:00,verify,train,v1,1056,0.00004435,0.11171257
2026-09-29T21:06:09+00:00,verify,train,v1,1391,0.00005842,0.11177099
2026-09-29T21:06:09+00:00,verify,train,v1,883,0.00003709,0.11180807
2026-09-29T21:06:09+00:00,verify,train,v1,1119,0.00004700,0.11185507
2026-09-29T21:06:09+00:00,verify,train,v1,1215,0.00005103,0.11190610
2026-09-29T21:06:09+00:00,verify,train,v1,1450,0.00006090,0.11196700
2026-09-29T21:06:09+00:00,verify,train,v1,1245,0.00005229,0.11201929
2026-09-29T21:06:09+00:00,verify,train,v1,881,0.00003700,0.11205629
2026-09-29T21:06:09+00:00,verify,train,v1,1245,0.00005229,0.11210858
2026-09-29T21:06:09+00:00,verify,train,v1,948,0.00003982,0.11214840
2026-09-29T21:06:09+00:00,verify,train,v1,1144,0.00004805,0.11219645
2026-09-29T21:06:09+00:00,verify,train,v1,1184,0.00004973,0.11224618
2026-09-29T21:06:09+00:00,verify,train,v1,1146,0.00004813,0.11229431
2026-09-29T21:06:09+00:00,verify,train,v1,830,0.00003486,0.11232917
2026-09-29T21:06:09+00:00,verify,train,v1,760,0.00003192,0.11236109
2026-09-29T21:06:09+00:00,verify,train,v1,1114,0.00004679,0.11240788
2026-09-29T21:06:09+00:00,verify,train,v1,1731,0.00007270,0.11248058
2026-09-29T21:06:09+00:00,verify,train,v1,1216,0.00005107,0.11253165
2026-09-29T21:06:09+00:00,verify,train,v1,2459,0.00010328,0.11263493
2026-09-29T21:06:09+00:00,verify,train,v1,1745,0.00007329,0.11270822
2026-09-29T21:06:09+00:00,verify,train,v1,1124,0.00004721,0.11275543
2026-09-29T21:06:09+00:00,verify,train,v1,1261,0.00005296,0.11280839
2026-09-29T21:06:09+00:00,verify,train,v1,1497,0.00006287,0.11287126
2026-09-29T21:06:09+00:00,verify,train,v1,1380,0.00005796,0.11292922
2026-09-29T21:06:09+00:00,verify,train,v1,1253,0.00005263,0.11298185
2026-09-29T21:06:09+00:00,verify,train,v1,1491,0.00006262,0.11304447
2026-09-29T21:06:09+00:00,verify,train,v1,949,0.00003986,0.11308433
2026-09-29T21:06:09+00:00,verify,train,v1,1346,0.00005653,0.11314086
2026-09-29T21:06:09+00:00,verify,train,v1,970,0.00004074,0.11318160
2026-09-29T21:06:09+00:00,verify,train,v1,1017,0.00004271,0.11322431
2026-09-29T21:06:09+00:00,verify,train,v1,1744,0.00007325,0.11329756
2026-09-29T21:06:09+00:00,verify,train,v1,1377,0.00005783,0.11335540
2026-09-29T21:06:09+00:00,verify,train,v1,1177,0.00004943,0.11340483
2026-09-29T21:06:09+00:00,verify,train,v1,1018,0.00004276,0.11344759
2026-09-29T21:06:09+00:00,verify,train,v1,1007,0.00004229,0.11348988
2026-09-29T21:06:09+00:00,verify,train,v1,1093,0.00004591,0.11353579
2026-09-29T21:06:09+00:00,verify,train,v1,1107,0.00004649,0.11358228
2026-09-29T21:06:09+00:00,verify,train,v1,1152,0.00004838,0.11363066
2026-09-29T21:06:09+00:00,verify,train,v1,1199,0.00005036,0.11368102
2026-09-29T21:06:09+00:00,verify,train,v1,1484,0.00006233,0.11374335
2026-09-29T21:06:09+00:00,verify,train,v1,1209,0.00005078,0.11379413
2026-09-29T21:06:09+00:00,verify,train,v1,1359,0.00005708,0.11385121
2026-09-29T21:06:09+00:00,verify,train,v1,855,0.00003591,0.11388712
2026-09-29T21:06:09+00:00,verify,train,v1,1078,0.00004528,0.11393239
2026-09-29T21:06:09+00:00,verify,train,v1,1057,0.00004439,0.11397679
2026-09-29T21:06:09+00:00,verify,train,v1,1011,0.00004246,0.11401925
2026-09-29T21:06:09+00:00,verify,train,v1,1204,0.00005057,0.11406982
2026-09-29T21:06:09+00:00,verify,train,v1,1217,0.00005111,0.11412093
2026-09-29T21:06:09+00:00,verify,train,v1,987,0.00004145,0.11416238
2026-09-29T21:06:09+00:00,verify,train,v1,1299,0.00005456,0.11421694
2026-09-29T21:06:09+00:00,verify,train,v1,1265,0.00005313,0.11427007
2026-09-29T21:06:09+00:00,verify,train,v1,1044,0.00004385,0.11431392
2026-09-29T21:06:09+00:00,verify,train,v1,1104,0.00004637,0.11436029
2026-09-29T21:06:09+00:00,verify,train,v1,1367,0.00005741,0.11441770
2026-09-29T21:06:10+00:00,verify,train,v1,2143,0.00009001,0.11450771
2026-09-29T21:06:10+00:00,verify,train,v1,1551,0.00006514,0.11457285
2026-09-29T21:06:10+00:00,verify,train,v1,1280,0.00005376,0.11462661
2026-09-29T21:06:10+00:00,verify,train,v1,1685,0.00007077,0.11469738
2026-09-29T21:06:10+00:00,verify,train,v1,1020,0.00004284,0.11474022
2026-09-29T21:06:10+00:00,verify,train,v1,1195,0.00005019,0.11479041
2026-09-29T21:06:10+00:00,verify,train,v1,1063,0.00004465,0.11483506
2026-09-29T21:06:10+00:00,verify,train,v1,1026,0.00004309,0.11487815
2026-09-29T21:06:10+00:00,verify,train,v1,1102,0.00004628,0.11492443
2026-09-29T21:06:10+00:00,verify,train,v1,826,0.00003469,0.11495912
2026-09-29T21:06:10+00:00,verify,train,v1,1570,0.00006594,0.11502506
2026-09-29T21:06:10+00:00,verify,train,v1,998,0.00004192,0.11506698
2026-09-29T21:06:10+00:00,verify,train,v1,837,0.00003515,0.11510213
2026-09-29T21:06:10+00:00,verify,train,v1,1518,0.00006376,0.11516589
2026-09-29T21:06:10+00:00,verify,train,v1,1816,0.00007627,0.11524216
2026-09-29T21:06:10+00:00,verify,train,v1,1083,0.00004549,0.11528765
2026-09-29T21:06:10+00:00,verify,train,v1,1257,0.00005279,0.11534044
2026-09-29T21:06:10+00:00,verify,train,v1,1000,0.00004200,0.11538244
2026-09-29T21:06:10+00:00,verify,train,v1,1327,0.00005573,0.11543818
2026-09-29T21:06:10+00:00,verify,train,v1,1183,0.00004969,0.11548786
2026-09-29T21:06:10+00:00,verify,train,v1,1238,0.00005200,0.11553986
2026-09-29T21:06:10+00:00,verify,train,v1,1268,0.00005326,0.11559311
2026-09-29T21:06:10+00:00,verify,train,v1,1731,0.00007270,0.11566582
2026-09-29T21:06:10+00:00,verify,train,v1,1946,0.00008173,0.11574755
2026-09-29T21:06:10+00:00,verify,train,v1,2355,0.00009891,0.11584646
